<NAPResultsReporting xmlns="http://www.sifassociation.org/datamodel/au/3.4">

<SchoolInfo xmlns:xsd="http://www.w3.org/2001/XMLSchema" xmlns:xsi="http://www.w3.org/2001/XMLSchema-instance" RefId="471f4908-8649-47a1-8e04-d57eff79ee8c" xmlns="http://www.sifassociation.org/datamodel/au/3.4">
  <LocalId>x72860</LocalId>
  <StateProvinceId xsi:nil="true" />
  <CommonwealthId xsi:nil="true" />
  <ACARAId>21212</ACARAId>
  <OtherIdList xsi:nil="true" />
  <SchoolName>Azerbaijanese Secondary College</SchoolName>
  <LEAInfoRefId xsi:nil="true" />
  <SchoolDistrict xsi:nil="true" />
  <SchoolDistrictLocalId xsi:nil="true" />
  <SchoolFocusList xsi:nil="true" />
  <SchoolURL xsi:nil="true" />
  <SchoolEmailList xsi:nil="true" />
  <PrincipalInfo xsi:nil="true" />
  <SchoolContactList xsi:nil="true" />
    <AddressList>
    <Address Type="0123" Role="012A">
      <StateProvince>NSW</StateProvince>
      <GridLocation xsi:nil="true" />
      <RadioContact xsi:nil="true" />
      <Community xsi:nil="true" />
      <LocalId xsi:nil="true" />
      <AddressGlobalUID xsi:nil="true" />
      <StatisticalAreas xsi:nil="true" />
    </Address>
  </AddressList>
  <PhoneNumberList xsi:nil="true" />
  <YearLevels xsi:nil="true" />
  <Campus xsi:nil="true" />
  <SchoolSector>G</SchoolSector>
  <SchoolGeographicLocation>15</SchoolGeographicLocation>
  <LocalGovernmentArea xsi:nil="true" />
  <JurisdictionLowerHouse xsi:nil="true" />
  <YearLevelEnrollmentList xsi:nil="true" />
  <TotalEnrollments xsi:nil="true" />
  <SchoolGroupList xsi:nil="true" />
  <SIF_Metadata xsi:nil="true" />
  <SIF_ExtendedElements xsi:nil="true" />
</SchoolInfo>

<SchoolInfo xmlns:xsd="http://www.w3.org/2001/XMLSchema" xmlns:xsi="http://www.w3.org/2001/XMLSchema-instance" RefId="f5dc9984-48a9-437a-9d7a-c5aa3cea99cd" xmlns="http://www.sifassociation.org/datamodel/au/3.4">
  <LocalId>x72861</LocalId>
  <StateProvinceId xsi:nil="true" />
  <CommonwealthId xsi:nil="true" />
  <ACARAId>21213</ACARAId>
  <OtherIdList xsi:nil="true" />
  <SchoolName>Calathian Primary College</SchoolName>
  <LEAInfoRefId xsi:nil="true" />
  <SchoolDistrict xsi:nil="true" />
  <SchoolDistrictLocalId xsi:nil="true" />
  <SchoolFocusList xsi:nil="true" />
  <SchoolURL xsi:nil="true" />
  <SchoolEmailList xsi:nil="true" />
  <PrincipalInfo xsi:nil="true" />
  <SchoolContactList xsi:nil="true" />
    <AddressList>
    <Address Type="0123" Role="012A">
      <StateProvince>NSW</StateProvince>
      <GridLocation xsi:nil="true" />
      <RadioContact xsi:nil="true" />
      <Community xsi:nil="true" />
      <LocalId xsi:nil="true" />
      <AddressGlobalUID xsi:nil="true" />
      <StatisticalAreas xsi:nil="true" />
    </Address>
  </AddressList>
  <PhoneNumberList xsi:nil="true" />
  <YearLevels xsi:nil="true" />
  <Campus xsi:nil="true" />
  <SchoolSector>G</SchoolSector>
  <SchoolGeographicLocation>15</SchoolGeographicLocation>
  <LocalGovernmentArea xsi:nil="true" />
  <JurisdictionLowerHouse xsi:nil="true" />
  <YearLevelEnrollmentList xsi:nil="true" />
  <TotalEnrollments xsi:nil="true" />
  <SchoolGroupList xsi:nil="true" />
  <SIF_Metadata xsi:nil="true" />
  <SIF_ExtendedElements xsi:nil="true" />
</SchoolInfo>

<SchoolInfo xmlns:xsd="http://www.w3.org/2001/XMLSchema" xmlns:xsi="http://www.w3.org/2001/XMLSchema-instance" RefId="963ca920-4455-4770-acfc-1deb94c489ab" xmlns="http://www.sifassociation.org/datamodel/au/3.4">
  <LocalId>x72862</LocalId>
  <StateProvinceId xsi:nil="true" />
  <CommonwealthId xsi:nil="true" />
  <ACARAId>21214</ACARAId>
  <OtherIdList xsi:nil="true" />
  <SchoolName>Demoded Primary College</SchoolName>
  <LEAInfoRefId xsi:nil="true" />
  <SchoolDistrict xsi:nil="true" />
  <SchoolDistrictLocalId xsi:nil="true" />
  <SchoolFocusList xsi:nil="true" />
  <SchoolURL xsi:nil="true" />
  <SchoolEmailList xsi:nil="true" />
  <PrincipalInfo xsi:nil="true" />
  <SchoolContactList xsi:nil="true" />
    <AddressList>
    <Address Type="0123" Role="012A">
      <StateProvince>NSW</StateProvince>
      <GridLocation xsi:nil="true" />
      <RadioContact xsi:nil="true" />
      <Community xsi:nil="true" />
      <LocalId xsi:nil="true" />
      <AddressGlobalUID xsi:nil="true" />
      <StatisticalAreas xsi:nil="true" />
    </Address>
  </AddressList>
  <PhoneNumberList xsi:nil="true" />
  <YearLevels xsi:nil="true" />
  <Campus xsi:nil="true" />
  <SchoolSector>G</SchoolSector>
  <SchoolGeographicLocation>15</SchoolGeographicLocation>
  <LocalGovernmentArea xsi:nil="true" />
  <JurisdictionLowerHouse xsi:nil="true" />
  <YearLevelEnrollmentList xsi:nil="true" />
  <TotalEnrollments xsi:nil="true" />
  <SchoolGroupList xsi:nil="true" />
  <SIF_Metadata xsi:nil="true" />
  <SIF_ExtendedElements xsi:nil="true" />
</SchoolInfo>

<SchoolInfo xmlns:xsd="http://www.w3.org/2001/XMLSchema" xmlns:xsi="http://www.w3.org/2001/XMLSchema-instance" RefId="854936cd-8adc-4f20-8210-eb2be51d810d" xmlns="http://www.sifassociation.org/datamodel/au/3.4">
  <LocalId>x72863</LocalId>
  <StateProvinceId xsi:nil="true" />
  <CommonwealthId xsi:nil="true" />
  <ACARAId>21215</ACARAId>
  <OtherIdList xsi:nil="true" />
  <SchoolName>Licentiously Primary College</SchoolName>
  <LEAInfoRefId xsi:nil="true" />
  <SchoolDistrict xsi:nil="true" />
  <SchoolDistrictLocalId xsi:nil="true" />
  <SchoolFocusList xsi:nil="true" />
  <SchoolURL xsi:nil="true" />
  <SchoolEmailList xsi:nil="true" />
  <PrincipalInfo xsi:nil="true" />
  <SchoolContactList xsi:nil="true" />
    <AddressList>
    <Address Type="0123" Role="012A">
      <StateProvince>NSW</StateProvince>
      <GridLocation xsi:nil="true" />
      <RadioContact xsi:nil="true" />
      <Community xsi:nil="true" />
      <LocalId xsi:nil="true" />
      <AddressGlobalUID xsi:nil="true" />
      <StatisticalAreas xsi:nil="true" />
    </Address>
  </AddressList>
  <PhoneNumberList xsi:nil="true" />
  <YearLevels xsi:nil="true" />
  <Campus xsi:nil="true" />
  <SchoolSector>G</SchoolSector>
  <SchoolGeographicLocation>15</SchoolGeographicLocation>
  <LocalGovernmentArea xsi:nil="true" />
  <JurisdictionLowerHouse xsi:nil="true" />
  <YearLevelEnrollmentList xsi:nil="true" />
  <TotalEnrollments xsi:nil="true" />
  <SchoolGroupList xsi:nil="true" />
  <SIF_Metadata xsi:nil="true" />
  <SIF_ExtendedElements xsi:nil="true" />
</SchoolInfo>

<SchoolInfo xmlns:xsd="http://www.w3.org/2001/XMLSchema" xmlns:xsi="http://www.w3.org/2001/XMLSchema-instance" RefId="31ebd905-5c08-4e1e-8f47-2664d7d319cc" xmlns="http://www.sifassociation.org/datamodel/au/3.4">
  <LocalId>x72864</LocalId>
  <StateProvinceId xsi:nil="true" />
  <CommonwealthId xsi:nil="true" />
  <ACARAId>21216</ACARAId>
  <OtherIdList xsi:nil="true" />
  <SchoolName>Loessal Combined College</SchoolName>
  <LEAInfoRefId xsi:nil="true" />
  <SchoolDistrict xsi:nil="true" />
  <SchoolDistrictLocalId xsi:nil="true" />
  <SchoolFocusList xsi:nil="true" />
  <SchoolURL xsi:nil="true" />
  <SchoolEmailList xsi:nil="true" />
  <PrincipalInfo xsi:nil="true" />
  <SchoolContactList xsi:nil="true" />
    <AddressList>
    <Address Type="0123" Role="012A">
      <StateProvince>NSW</StateProvince>
      <GridLocation xsi:nil="true" />
      <RadioContact xsi:nil="true" />
      <Community xsi:nil="true" />
      <LocalId xsi:nil="true" />
      <AddressGlobalUID xsi:nil="true" />
      <StatisticalAreas xsi:nil="true" />
    </Address>
  </AddressList>
  <PhoneNumberList xsi:nil="true" />
  <YearLevels xsi:nil="true" />
  <Campus xsi:nil="true" />
  <SchoolSector>G</SchoolSector>
  <SchoolGeographicLocation>15</SchoolGeographicLocation>
  <LocalGovernmentArea xsi:nil="true" />
  <JurisdictionLowerHouse xsi:nil="true" />
  <YearLevelEnrollmentList xsi:nil="true" />
  <TotalEnrollments xsi:nil="true" />
  <SchoolGroupList xsi:nil="true" />
  <SIF_Metadata xsi:nil="true" />
  <SIF_ExtendedElements xsi:nil="true" />
</SchoolInfo>

<SchoolInfo xmlns:xsd="http://www.w3.org/2001/XMLSchema" xmlns:xsi="http://www.w3.org/2001/XMLSchema-instance" RefId="d6fd17b7-a4d7-4948-ae16-3211a26b232e" xmlns="http://www.sifassociation.org/datamodel/au/3.4">
  <LocalId>x72865</LocalId>
  <StateProvinceId xsi:nil="true" />
  <CommonwealthId xsi:nil="true" />
  <ACARAId>21217</ACARAId>
  <OtherIdList xsi:nil="true" />
  <SchoolName>Overawn Secondary College</SchoolName>
  <LEAInfoRefId xsi:nil="true" />
  <SchoolDistrict xsi:nil="true" />
  <SchoolDistrictLocalId xsi:nil="true" />
  <SchoolFocusList xsi:nil="true" />
  <SchoolURL xsi:nil="true" />
  <SchoolEmailList xsi:nil="true" />
  <PrincipalInfo xsi:nil="true" />
  <SchoolContactList xsi:nil="true" />
    <AddressList>
    <Address Type="0123" Role="012A">
      <StateProvince>NSW</StateProvince>
      <GridLocation xsi:nil="true" />
      <RadioContact xsi:nil="true" />
      <Community xsi:nil="true" />
      <LocalId xsi:nil="true" />
      <AddressGlobalUID xsi:nil="true" />
      <StatisticalAreas xsi:nil="true" />
    </Address>
  </AddressList>
  <PhoneNumberList xsi:nil="true" />
  <YearLevels xsi:nil="true" />
  <Campus xsi:nil="true" />
  <SchoolSector>G</SchoolSector>
  <SchoolGeographicLocation>15</SchoolGeographicLocation>
  <LocalGovernmentArea xsi:nil="true" />
  <JurisdictionLowerHouse xsi:nil="true" />
  <YearLevelEnrollmentList xsi:nil="true" />
  <TotalEnrollments xsi:nil="true" />
  <SchoolGroupList xsi:nil="true" />
  <SIF_Metadata xsi:nil="true" />
  <SIF_ExtendedElements xsi:nil="true" />
</SchoolInfo>

<SchoolInfo xmlns:xsd="http://www.w3.org/2001/XMLSchema" xmlns:xsi="http://www.w3.org/2001/XMLSchema-instance" RefId="efbb8920-5a3c-4346-8c99-93b3642acf19" xmlns="http://www.sifassociation.org/datamodel/au/3.4">
  <LocalId>x72866</LocalId>
  <StateProvinceId xsi:nil="true" />
  <CommonwealthId xsi:nil="true" />
  <ACARAId>21218</ACARAId>
  <OtherIdList xsi:nil="true" />
  <SchoolName>Overprovocation Combined College</SchoolName>
  <LEAInfoRefId xsi:nil="true" />
  <SchoolDistrict xsi:nil="true" />
  <SchoolDistrictLocalId xsi:nil="true" />
  <SchoolFocusList xsi:nil="true" />
  <SchoolURL xsi:nil="true" />
  <SchoolEmailList xsi:nil="true" />
  <PrincipalInfo xsi:nil="true" />
  <SchoolContactList xsi:nil="true" />
    <AddressList>
    <Address Type="0123" Role="012A">
      <StateProvince>NSW</StateProvince>
      <GridLocation xsi:nil="true" />
      <RadioContact xsi:nil="true" />
      <Community xsi:nil="true" />
      <LocalId xsi:nil="true" />
      <AddressGlobalUID xsi:nil="true" />
      <StatisticalAreas xsi:nil="true" />
    </Address>
  </AddressList>
  <PhoneNumberList xsi:nil="true" />
  <YearLevels xsi:nil="true" />
  <Campus xsi:nil="true" />
  <SchoolSector>G</SchoolSector>
  <SchoolGeographicLocation>15</SchoolGeographicLocation>
  <LocalGovernmentArea xsi:nil="true" />
  <JurisdictionLowerHouse xsi:nil="true" />
  <YearLevelEnrollmentList xsi:nil="true" />
  <TotalEnrollments xsi:nil="true" />
  <SchoolGroupList xsi:nil="true" />
  <SIF_Metadata xsi:nil="true" />
  <SIF_ExtendedElements xsi:nil="true" />
</SchoolInfo>

<SchoolInfo xmlns:xsd="http://www.w3.org/2001/XMLSchema" xmlns:xsi="http://www.w3.org/2001/XMLSchema-instance" RefId="395818af-ed9b-4993-95c2-ae23a398e1b1" xmlns="http://www.sifassociation.org/datamodel/au/3.4">
  <LocalId>x72867</LocalId>
  <StateProvinceId xsi:nil="true" />
  <CommonwealthId xsi:nil="true" />
  <ACARAId>21219</ACARAId>
  <OtherIdList xsi:nil="true" />
  <SchoolName>Penetrate Primary College</SchoolName>
  <LEAInfoRefId xsi:nil="true" />
  <SchoolDistrict xsi:nil="true" />
  <SchoolDistrictLocalId xsi:nil="true" />
  <SchoolFocusList xsi:nil="true" />
  <SchoolURL xsi:nil="true" />
  <SchoolEmailList xsi:nil="true" />
  <PrincipalInfo xsi:nil="true" />
  <SchoolContactList xsi:nil="true" />
    <AddressList>
    <Address Type="0123" Role="012A">
      <StateProvince>NSW</StateProvince>
      <GridLocation xsi:nil="true" />
      <RadioContact xsi:nil="true" />
      <Community xsi:nil="true" />
      <LocalId xsi:nil="true" />
      <AddressGlobalUID xsi:nil="true" />
      <StatisticalAreas xsi:nil="true" />
    </Address>
  </AddressList>
  <PhoneNumberList xsi:nil="true" />
  <YearLevels xsi:nil="true" />
  <Campus xsi:nil="true" />
  <SchoolSector>G</SchoolSector>
  <SchoolGeographicLocation>15</SchoolGeographicLocation>
  <LocalGovernmentArea xsi:nil="true" />
  <JurisdictionLowerHouse xsi:nil="true" />
  <YearLevelEnrollmentList xsi:nil="true" />
  <TotalEnrollments xsi:nil="true" />
  <SchoolGroupList xsi:nil="true" />
  <SIF_Metadata xsi:nil="true" />
  <SIF_ExtendedElements xsi:nil="true" />
</SchoolInfo>

<SchoolInfo xmlns:xsd="http://www.w3.org/2001/XMLSchema" xmlns:xsi="http://www.w3.org/2001/XMLSchema-instance" RefId="2dbe3fdd-0077-4b35-9910-0e8e39b53965" xmlns="http://www.sifassociation.org/datamodel/au/3.4">
  <LocalId>x72868</LocalId>
  <StateProvinceId xsi:nil="true" />
  <CommonwealthId xsi:nil="true" />
  <ACARAId>21220</ACARAId>
  <OtherIdList xsi:nil="true" />
  <SchoolName>Psychiatria Combined College</SchoolName>
  <LEAInfoRefId xsi:nil="true" />
  <SchoolDistrict xsi:nil="true" />
  <SchoolDistrictLocalId xsi:nil="true" />
  <SchoolFocusList xsi:nil="true" />
  <SchoolURL xsi:nil="true" />
  <SchoolEmailList xsi:nil="true" />
  <PrincipalInfo xsi:nil="true" />
  <SchoolContactList xsi:nil="true" />
    <AddressList>
    <Address Type="0123" Role="012A">
      <StateProvince>NSW</StateProvince>
      <GridLocation xsi:nil="true" />
      <RadioContact xsi:nil="true" />
      <Community xsi:nil="true" />
      <LocalId xsi:nil="true" />
      <AddressGlobalUID xsi:nil="true" />
      <StatisticalAreas xsi:nil="true" />
    </Address>
  </AddressList>
  <PhoneNumberList xsi:nil="true" />
  <YearLevels xsi:nil="true" />
  <Campus xsi:nil="true" />
  <SchoolSector>G</SchoolSector>
  <SchoolGeographicLocation>15</SchoolGeographicLocation>
  <LocalGovernmentArea xsi:nil="true" />
  <JurisdictionLowerHouse xsi:nil="true" />
  <YearLevelEnrollmentList xsi:nil="true" />
  <TotalEnrollments xsi:nil="true" />
  <SchoolGroupList xsi:nil="true" />
  <SIF_Metadata xsi:nil="true" />
  <SIF_ExtendedElements xsi:nil="true" />
</SchoolInfo>

<SchoolInfo xmlns:xsd="http://www.w3.org/2001/XMLSchema" xmlns:xsi="http://www.w3.org/2001/XMLSchema-instance" RefId="88541d74-d0be-4c08-a39a-4a747522c611" xmlns="http://www.sifassociation.org/datamodel/au/3.4">
  <LocalId>x72869</LocalId>
  <StateProvinceId xsi:nil="true" />
  <CommonwealthId xsi:nil="true" />
  <ACARAId>21221</ACARAId>
  <OtherIdList xsi:nil="true" />
  <SchoolName>Stradlings Primary College</SchoolName>
  <LEAInfoRefId xsi:nil="true" />
  <SchoolDistrict xsi:nil="true" />
  <SchoolDistrictLocalId xsi:nil="true" />
  <SchoolFocusList xsi:nil="true" />
  <SchoolURL xsi:nil="true" />
  <SchoolEmailList xsi:nil="true" />
  <PrincipalInfo xsi:nil="true" />
  <SchoolContactList xsi:nil="true" />
    <AddressList>
    <Address Type="0123" Role="012A">
      <StateProvince>NSW</StateProvince>
      <GridLocation xsi:nil="true" />
      <RadioContact xsi:nil="true" />
      <Community xsi:nil="true" />
      <LocalId xsi:nil="true" />
      <AddressGlobalUID xsi:nil="true" />
      <StatisticalAreas xsi:nil="true" />
    </Address>
  </AddressList>
  <PhoneNumberList xsi:nil="true" />
  <YearLevels xsi:nil="true" />
  <Campus xsi:nil="true" />
  <SchoolSector>G</SchoolSector>
  <SchoolGeographicLocation>15</SchoolGeographicLocation>
  <LocalGovernmentArea xsi:nil="true" />
  <JurisdictionLowerHouse xsi:nil="true" />
  <YearLevelEnrollmentList xsi:nil="true" />
  <TotalEnrollments xsi:nil="true" />
  <SchoolGroupList xsi:nil="true" />
  <SIF_Metadata xsi:nil="true" />
  <SIF_ExtendedElements xsi:nil="true" />
</SchoolInfo>
</NAPResultsReporting>
