<NAPResultsReporting xmlns="http://www.sifassociation.org/datamodel/au/3.4">

<SchoolInfo xmlns:xsd="http://www.w3.org/2001/XMLSchema" xmlns:xsi="http://www.w3.org/2001/XMLSchema-instance" RefId="3a857694-572a-4f59-afd9-7747f9bfcc62" xmlns="http://www.sifassociation.org/datamodel/au/3.4">
  <LocalId>x72860</LocalId>
  <StateProvinceId xsi:nil="true" />
  <CommonwealthId xsi:nil="true" />
  <ACARAId>21212</ACARAId>
  <OtherIdList xsi:nil="true" />
  <SchoolName>Choragic Combined College</SchoolName>
  <LEAInfoRefId xsi:nil="true" />
  <SchoolDistrict xsi:nil="true" />
  <SchoolDistrictLocalId xsi:nil="true" />
  <SchoolFocusList xsi:nil="true" />
  <SchoolURL xsi:nil="true" />
  <SchoolEmailList xsi:nil="true" />
  <PrincipalInfo xsi:nil="true" />
  <SchoolContactList xsi:nil="true" />
    <AddressList>
    <Address Type="0123" Role="012A">
      <StateProvince>OS</StateProvince>
      <GridLocation xsi:nil="true" />
      <RadioContact xsi:nil="true" />
      <Community xsi:nil="true" />
      <LocalId xsi:nil="true" />
      <AddressGlobalUID xsi:nil="true" />
      <StatisticalAreas xsi:nil="true" />
    </Address>
  </AddressList>
  <PhoneNumberList xsi:nil="true" />
  <YearLevels xsi:nil="true" />
  <Campus xsi:nil="true" />
  <SchoolSector>NG</SchoolSector>
  <SchoolGeographicLocation>15</SchoolGeographicLocation>
  <LocalGovernmentArea xsi:nil="true" />
  <JurisdictionLowerHouse xsi:nil="true" />
  <YearLevelEnrollmentList xsi:nil="true" />
  <TotalEnrollments xsi:nil="true" />
  <SchoolGroupList xsi:nil="true" />
  <SIF_Metadata xsi:nil="true" />
  <SIF_ExtendedElements xsi:nil="true" />
</SchoolInfo>

<SchoolInfo xmlns:xsd="http://www.w3.org/2001/XMLSchema" xmlns:xsi="http://www.w3.org/2001/XMLSchema-instance" RefId="aa5bd3d7-a480-4ff8-aa0e-81fbf2030c60" xmlns="http://www.sifassociation.org/datamodel/au/3.4">
  <LocalId>x72861</LocalId>
  <StateProvinceId xsi:nil="true" />
  <CommonwealthId xsi:nil="true" />
  <ACARAId>21213</ACARAId>
  <OtherIdList xsi:nil="true" />
  <SchoolName>Deciduous Primary College</SchoolName>
  <LEAInfoRefId xsi:nil="true" />
  <SchoolDistrict xsi:nil="true" />
  <SchoolDistrictLocalId xsi:nil="true" />
  <SchoolFocusList xsi:nil="true" />
  <SchoolURL xsi:nil="true" />
  <SchoolEmailList xsi:nil="true" />
  <PrincipalInfo xsi:nil="true" />
  <SchoolContactList xsi:nil="true" />
    <AddressList>
    <Address Type="0123" Role="012A">
      <StateProvince>OS</StateProvince>
      <GridLocation xsi:nil="true" />
      <RadioContact xsi:nil="true" />
      <Community xsi:nil="true" />
      <LocalId xsi:nil="true" />
      <AddressGlobalUID xsi:nil="true" />
      <StatisticalAreas xsi:nil="true" />
    </Address>
  </AddressList>
  <PhoneNumberList xsi:nil="true" />
  <YearLevels xsi:nil="true" />
  <Campus xsi:nil="true" />
  <SchoolSector>NG</SchoolSector>
  <SchoolGeographicLocation>15</SchoolGeographicLocation>
  <LocalGovernmentArea xsi:nil="true" />
  <JurisdictionLowerHouse xsi:nil="true" />
  <YearLevelEnrollmentList xsi:nil="true" />
  <TotalEnrollments xsi:nil="true" />
  <SchoolGroupList xsi:nil="true" />
  <SIF_Metadata xsi:nil="true" />
  <SIF_ExtendedElements xsi:nil="true" />
</SchoolInfo>

<SchoolInfo xmlns:xsd="http://www.w3.org/2001/XMLSchema" xmlns:xsi="http://www.w3.org/2001/XMLSchema-instance" RefId="0ca2e549-5cd2-4c1f-a1a4-e13fff8f9d63" xmlns="http://www.sifassociation.org/datamodel/au/3.4">
  <LocalId>x72862</LocalId>
  <StateProvinceId xsi:nil="true" />
  <CommonwealthId xsi:nil="true" />
  <ACARAId>21214</ACARAId>
  <OtherIdList xsi:nil="true" />
  <SchoolName>Hannibalian Combined College</SchoolName>
  <LEAInfoRefId xsi:nil="true" />
  <SchoolDistrict xsi:nil="true" />
  <SchoolDistrictLocalId xsi:nil="true" />
  <SchoolFocusList xsi:nil="true" />
  <SchoolURL xsi:nil="true" />
  <SchoolEmailList xsi:nil="true" />
  <PrincipalInfo xsi:nil="true" />
  <SchoolContactList xsi:nil="true" />
    <AddressList>
    <Address Type="0123" Role="012A">
      <StateProvince>OS</StateProvince>
      <GridLocation xsi:nil="true" />
      <RadioContact xsi:nil="true" />
      <Community xsi:nil="true" />
      <LocalId xsi:nil="true" />
      <AddressGlobalUID xsi:nil="true" />
      <StatisticalAreas xsi:nil="true" />
    </Address>
  </AddressList>
  <PhoneNumberList xsi:nil="true" />
  <YearLevels xsi:nil="true" />
  <Campus xsi:nil="true" />
  <SchoolSector>NG</SchoolSector>
  <SchoolGeographicLocation>15</SchoolGeographicLocation>
  <LocalGovernmentArea xsi:nil="true" />
  <JurisdictionLowerHouse xsi:nil="true" />
  <YearLevelEnrollmentList xsi:nil="true" />
  <TotalEnrollments xsi:nil="true" />
  <SchoolGroupList xsi:nil="true" />
  <SIF_Metadata xsi:nil="true" />
  <SIF_ExtendedElements xsi:nil="true" />
</SchoolInfo>

<SchoolInfo xmlns:xsd="http://www.w3.org/2001/XMLSchema" xmlns:xsi="http://www.w3.org/2001/XMLSchema-instance" RefId="5aafbf84-533e-4b43-889d-d82e30d0169a" xmlns="http://www.sifassociation.org/datamodel/au/3.4">
  <LocalId>x72863</LocalId>
  <StateProvinceId xsi:nil="true" />
  <CommonwealthId xsi:nil="true" />
  <ACARAId>21215</ACARAId>
  <OtherIdList xsi:nil="true" />
  <SchoolName>Inferentialist Combined College</SchoolName>
  <LEAInfoRefId xsi:nil="true" />
  <SchoolDistrict xsi:nil="true" />
  <SchoolDistrictLocalId xsi:nil="true" />
  <SchoolFocusList xsi:nil="true" />
  <SchoolURL xsi:nil="true" />
  <SchoolEmailList xsi:nil="true" />
  <PrincipalInfo xsi:nil="true" />
  <SchoolContactList xsi:nil="true" />
    <AddressList>
    <Address Type="0123" Role="012A">
      <StateProvince>OS</StateProvince>
      <GridLocation xsi:nil="true" />
      <RadioContact xsi:nil="true" />
      <Community xsi:nil="true" />
      <LocalId xsi:nil="true" />
      <AddressGlobalUID xsi:nil="true" />
      <StatisticalAreas xsi:nil="true" />
    </Address>
  </AddressList>
  <PhoneNumberList xsi:nil="true" />
  <YearLevels xsi:nil="true" />
  <Campus xsi:nil="true" />
  <SchoolSector>NG</SchoolSector>
  <SchoolGeographicLocation>15</SchoolGeographicLocation>
  <LocalGovernmentArea xsi:nil="true" />
  <JurisdictionLowerHouse xsi:nil="true" />
  <YearLevelEnrollmentList xsi:nil="true" />
  <TotalEnrollments xsi:nil="true" />
  <SchoolGroupList xsi:nil="true" />
  <SIF_Metadata xsi:nil="true" />
  <SIF_ExtendedElements xsi:nil="true" />
</SchoolInfo>

<SchoolInfo xmlns:xsd="http://www.w3.org/2001/XMLSchema" xmlns:xsi="http://www.w3.org/2001/XMLSchema-instance" RefId="a518a23a-1ef5-49f0-afc5-d4248d1de127" xmlns="http://www.sifassociation.org/datamodel/au/3.4">
  <LocalId>x72864</LocalId>
  <StateProvinceId xsi:nil="true" />
  <CommonwealthId xsi:nil="true" />
  <ACARAId>21216</ACARAId>
  <OtherIdList xsi:nil="true" />
  <SchoolName>Memory Secondary College</SchoolName>
  <LEAInfoRefId xsi:nil="true" />
  <SchoolDistrict xsi:nil="true" />
  <SchoolDistrictLocalId xsi:nil="true" />
  <SchoolFocusList xsi:nil="true" />
  <SchoolURL xsi:nil="true" />
  <SchoolEmailList xsi:nil="true" />
  <PrincipalInfo xsi:nil="true" />
  <SchoolContactList xsi:nil="true" />
    <AddressList>
    <Address Type="0123" Role="012A">
      <StateProvince>OS</StateProvince>
      <GridLocation xsi:nil="true" />
      <RadioContact xsi:nil="true" />
      <Community xsi:nil="true" />
      <LocalId xsi:nil="true" />
      <AddressGlobalUID xsi:nil="true" />
      <StatisticalAreas xsi:nil="true" />
    </Address>
  </AddressList>
  <PhoneNumberList xsi:nil="true" />
  <YearLevels xsi:nil="true" />
  <Campus xsi:nil="true" />
  <SchoolSector>NG</SchoolSector>
  <SchoolGeographicLocation>15</SchoolGeographicLocation>
  <LocalGovernmentArea xsi:nil="true" />
  <JurisdictionLowerHouse xsi:nil="true" />
  <YearLevelEnrollmentList xsi:nil="true" />
  <TotalEnrollments xsi:nil="true" />
  <SchoolGroupList xsi:nil="true" />
  <SIF_Metadata xsi:nil="true" />
  <SIF_ExtendedElements xsi:nil="true" />
</SchoolInfo>

<SchoolInfo xmlns:xsd="http://www.w3.org/2001/XMLSchema" xmlns:xsi="http://www.w3.org/2001/XMLSchema-instance" RefId="982588d6-779f-42b5-858b-65f23a4dad08" xmlns="http://www.sifassociation.org/datamodel/au/3.4">
  <LocalId>x72865</LocalId>
  <StateProvinceId xsi:nil="true" />
  <CommonwealthId xsi:nil="true" />
  <ACARAId>21217</ACARAId>
  <OtherIdList xsi:nil="true" />
  <SchoolName>Parochialic Secondary College</SchoolName>
  <LEAInfoRefId xsi:nil="true" />
  <SchoolDistrict xsi:nil="true" />
  <SchoolDistrictLocalId xsi:nil="true" />
  <SchoolFocusList xsi:nil="true" />
  <SchoolURL xsi:nil="true" />
  <SchoolEmailList xsi:nil="true" />
  <PrincipalInfo xsi:nil="true" />
  <SchoolContactList xsi:nil="true" />
    <AddressList>
    <Address Type="0123" Role="012A">
      <StateProvince>OS</StateProvince>
      <GridLocation xsi:nil="true" />
      <RadioContact xsi:nil="true" />
      <Community xsi:nil="true" />
      <LocalId xsi:nil="true" />
      <AddressGlobalUID xsi:nil="true" />
      <StatisticalAreas xsi:nil="true" />
    </Address>
  </AddressList>
  <PhoneNumberList xsi:nil="true" />
  <YearLevels xsi:nil="true" />
  <Campus xsi:nil="true" />
  <SchoolSector>NG</SchoolSector>
  <SchoolGeographicLocation>15</SchoolGeographicLocation>
  <LocalGovernmentArea xsi:nil="true" />
  <JurisdictionLowerHouse xsi:nil="true" />
  <YearLevelEnrollmentList xsi:nil="true" />
  <TotalEnrollments xsi:nil="true" />
  <SchoolGroupList xsi:nil="true" />
  <SIF_Metadata xsi:nil="true" />
  <SIF_ExtendedElements xsi:nil="true" />
</SchoolInfo>

<SchoolInfo xmlns:xsd="http://www.w3.org/2001/XMLSchema" xmlns:xsi="http://www.w3.org/2001/XMLSchema-instance" RefId="e7a95af5-a673-421c-9492-822e5ecec4ed" xmlns="http://www.sifassociation.org/datamodel/au/3.4">
  <LocalId>x72866</LocalId>
  <StateProvinceId xsi:nil="true" />
  <CommonwealthId xsi:nil="true" />
  <ACARAId>21218</ACARAId>
  <OtherIdList xsi:nil="true" />
  <SchoolName>Similitude Primary College</SchoolName>
  <LEAInfoRefId xsi:nil="true" />
  <SchoolDistrict xsi:nil="true" />
  <SchoolDistrictLocalId xsi:nil="true" />
  <SchoolFocusList xsi:nil="true" />
  <SchoolURL xsi:nil="true" />
  <SchoolEmailList xsi:nil="true" />
  <PrincipalInfo xsi:nil="true" />
  <SchoolContactList xsi:nil="true" />
    <AddressList>
    <Address Type="0123" Role="012A">
      <StateProvince>OS</StateProvince>
      <GridLocation xsi:nil="true" />
      <RadioContact xsi:nil="true" />
      <Community xsi:nil="true" />
      <LocalId xsi:nil="true" />
      <AddressGlobalUID xsi:nil="true" />
      <StatisticalAreas xsi:nil="true" />
    </Address>
  </AddressList>
  <PhoneNumberList xsi:nil="true" />
  <YearLevels xsi:nil="true" />
  <Campus xsi:nil="true" />
  <SchoolSector>NG</SchoolSector>
  <SchoolGeographicLocation>15</SchoolGeographicLocation>
  <LocalGovernmentArea xsi:nil="true" />
  <JurisdictionLowerHouse xsi:nil="true" />
  <YearLevelEnrollmentList xsi:nil="true" />
  <TotalEnrollments xsi:nil="true" />
  <SchoolGroupList xsi:nil="true" />
  <SIF_Metadata xsi:nil="true" />
  <SIF_ExtendedElements xsi:nil="true" />
</SchoolInfo>

<SchoolInfo xmlns:xsd="http://www.w3.org/2001/XMLSchema" xmlns:xsi="http://www.w3.org/2001/XMLSchema-instance" RefId="60d59d04-33ce-43ec-8c18-03ea6fa7cde4" xmlns="http://www.sifassociation.org/datamodel/au/3.4">
  <LocalId>x72867</LocalId>
  <StateProvinceId xsi:nil="true" />
  <CommonwealthId xsi:nil="true" />
  <ACARAId>21219</ACARAId>
  <OtherIdList xsi:nil="true" />
  <SchoolName>Somatics Primary College</SchoolName>
  <LEAInfoRefId xsi:nil="true" />
  <SchoolDistrict xsi:nil="true" />
  <SchoolDistrictLocalId xsi:nil="true" />
  <SchoolFocusList xsi:nil="true" />
  <SchoolURL xsi:nil="true" />
  <SchoolEmailList xsi:nil="true" />
  <PrincipalInfo xsi:nil="true" />
  <SchoolContactList xsi:nil="true" />
    <AddressList>
    <Address Type="0123" Role="012A">
      <StateProvince>OS</StateProvince>
      <GridLocation xsi:nil="true" />
      <RadioContact xsi:nil="true" />
      <Community xsi:nil="true" />
      <LocalId xsi:nil="true" />
      <AddressGlobalUID xsi:nil="true" />
      <StatisticalAreas xsi:nil="true" />
    </Address>
  </AddressList>
  <PhoneNumberList xsi:nil="true" />
  <YearLevels xsi:nil="true" />
  <Campus xsi:nil="true" />
  <SchoolSector>NG</SchoolSector>
  <SchoolGeographicLocation>15</SchoolGeographicLocation>
  <LocalGovernmentArea xsi:nil="true" />
  <JurisdictionLowerHouse xsi:nil="true" />
  <YearLevelEnrollmentList xsi:nil="true" />
  <TotalEnrollments xsi:nil="true" />
  <SchoolGroupList xsi:nil="true" />
  <SIF_Metadata xsi:nil="true" />
  <SIF_ExtendedElements xsi:nil="true" />
</SchoolInfo>

<SchoolInfo xmlns:xsd="http://www.w3.org/2001/XMLSchema" xmlns:xsi="http://www.w3.org/2001/XMLSchema-instance" RefId="5024eaa8-b94f-4c1b-9032-375de7a3288a" xmlns="http://www.sifassociation.org/datamodel/au/3.4">
  <LocalId>x72868</LocalId>
  <StateProvinceId xsi:nil="true" />
  <CommonwealthId xsi:nil="true" />
  <ACARAId>21220</ACARAId>
  <OtherIdList xsi:nil="true" />
  <SchoolName>Sprinkling Combined College</SchoolName>
  <LEAInfoRefId xsi:nil="true" />
  <SchoolDistrict xsi:nil="true" />
  <SchoolDistrictLocalId xsi:nil="true" />
  <SchoolFocusList xsi:nil="true" />
  <SchoolURL xsi:nil="true" />
  <SchoolEmailList xsi:nil="true" />
  <PrincipalInfo xsi:nil="true" />
  <SchoolContactList xsi:nil="true" />
    <AddressList>
    <Address Type="0123" Role="012A">
      <StateProvince>OS</StateProvince>
      <GridLocation xsi:nil="true" />
      <RadioContact xsi:nil="true" />
      <Community xsi:nil="true" />
      <LocalId xsi:nil="true" />
      <AddressGlobalUID xsi:nil="true" />
      <StatisticalAreas xsi:nil="true" />
    </Address>
  </AddressList>
  <PhoneNumberList xsi:nil="true" />
  <YearLevels xsi:nil="true" />
  <Campus xsi:nil="true" />
  <SchoolSector>NG</SchoolSector>
  <SchoolGeographicLocation>15</SchoolGeographicLocation>
  <LocalGovernmentArea xsi:nil="true" />
  <JurisdictionLowerHouse xsi:nil="true" />
  <YearLevelEnrollmentList xsi:nil="true" />
  <TotalEnrollments xsi:nil="true" />
  <SchoolGroupList xsi:nil="true" />
  <SIF_Metadata xsi:nil="true" />
  <SIF_ExtendedElements xsi:nil="true" />
</SchoolInfo>

<SchoolInfo xmlns:xsd="http://www.w3.org/2001/XMLSchema" xmlns:xsi="http://www.w3.org/2001/XMLSchema-instance" RefId="4a2a0f82-4195-46f6-87d8-28c03035db8a" xmlns="http://www.sifassociation.org/datamodel/au/3.4">
  <LocalId>x72869</LocalId>
  <StateProvinceId xsi:nil="true" />
  <CommonwealthId xsi:nil="true" />
  <ACARAId>21221</ACARAId>
  <OtherIdList xsi:nil="true" />
  <SchoolName>Unsatisfiedly Primary College</SchoolName>
  <LEAInfoRefId xsi:nil="true" />
  <SchoolDistrict xsi:nil="true" />
  <SchoolDistrictLocalId xsi:nil="true" />
  <SchoolFocusList xsi:nil="true" />
  <SchoolURL xsi:nil="true" />
  <SchoolEmailList xsi:nil="true" />
  <PrincipalInfo xsi:nil="true" />
  <SchoolContactList xsi:nil="true" />
    <AddressList>
    <Address Type="0123" Role="012A">
      <StateProvince>OS</StateProvince>
      <GridLocation xsi:nil="true" />
      <RadioContact xsi:nil="true" />
      <Community xsi:nil="true" />
      <LocalId xsi:nil="true" />
      <AddressGlobalUID xsi:nil="true" />
      <StatisticalAreas xsi:nil="true" />
    </Address>
  </AddressList>
  <PhoneNumberList xsi:nil="true" />
  <YearLevels xsi:nil="true" />
  <Campus xsi:nil="true" />
  <SchoolSector>NG</SchoolSector>
  <SchoolGeographicLocation>15</SchoolGeographicLocation>
  <LocalGovernmentArea xsi:nil="true" />
  <JurisdictionLowerHouse xsi:nil="true" />
  <YearLevelEnrollmentList xsi:nil="true" />
  <TotalEnrollments xsi:nil="true" />
  <SchoolGroupList xsi:nil="true" />
  <SIF_Metadata xsi:nil="true" />
  <SIF_ExtendedElements xsi:nil="true" />
</SchoolInfo>
</NAPResultsReporting>
