<NAPResultsReporting xmlns="http://www.sifassociation.org/datamodel/au/3.4">

<SchoolInfo xmlns:xsd="http://www.w3.org/2001/XMLSchema" xmlns:xsi="http://www.w3.org/2001/XMLSchema-instance" RefId="0ee8de1a-b2b8-4e86-9781-dd00e07f8b7b" xmlns="http://www.sifassociation.org/datamodel/au/3.4">
  <LocalId>x72860</LocalId>
  <StateProvinceId xsi:nil="true" />
  <CommonwealthId xsi:nil="true" />
  <ACARAId>21212</ACARAId>
  <OtherIdList xsi:nil="true" />
  <SchoolName>Biquadrantal Combined College</SchoolName>
  <LEAInfoRefId xsi:nil="true" />
  <SchoolDistrict xsi:nil="true" />
  <SchoolDistrictLocalId xsi:nil="true" />
  <SchoolFocusList xsi:nil="true" />
  <SchoolURL xsi:nil="true" />
  <SchoolEmailList xsi:nil="true" />
  <PrincipalInfo xsi:nil="true" />
  <SchoolContactList xsi:nil="true" />
    <AddressList>
    <Address Type="0123" Role="012A">
      <StateProvince>NSW</StateProvince>
      <GridLocation xsi:nil="true" />
      <RadioContact xsi:nil="true" />
      <Community xsi:nil="true" />
      <LocalId xsi:nil="true" />
      <AddressGlobalUID xsi:nil="true" />
      <StatisticalAreas xsi:nil="true" />
    </Address>
  </AddressList>
  <PhoneNumberList xsi:nil="true" />
  <YearLevels xsi:nil="true" />
  <Campus xsi:nil="true" />
  <SchoolSector>G</SchoolSector>
  <SchoolGeographicLocation>15</SchoolGeographicLocation>
  <LocalGovernmentArea xsi:nil="true" />
  <JurisdictionLowerHouse xsi:nil="true" />
  <YearLevelEnrollmentList xsi:nil="true" />
  <TotalEnrollments xsi:nil="true" />
  <SchoolGroupList xsi:nil="true" />
  <SIF_Metadata xsi:nil="true" />
  <SIF_ExtendedElements xsi:nil="true" />
</SchoolInfo>

<SchoolInfo xmlns:xsd="http://www.w3.org/2001/XMLSchema" xmlns:xsi="http://www.w3.org/2001/XMLSchema-instance" RefId="25f6defd-354d-4fa1-9e02-9bc89ad413db" xmlns="http://www.sifassociation.org/datamodel/au/3.4">
  <LocalId>x72861</LocalId>
  <StateProvinceId xsi:nil="true" />
  <CommonwealthId xsi:nil="true" />
  <ACARAId>21213</ACARAId>
  <OtherIdList xsi:nil="true" />
  <SchoolName>Cagey Primary College</SchoolName>
  <LEAInfoRefId xsi:nil="true" />
  <SchoolDistrict xsi:nil="true" />
  <SchoolDistrictLocalId xsi:nil="true" />
  <SchoolFocusList xsi:nil="true" />
  <SchoolURL xsi:nil="true" />
  <SchoolEmailList xsi:nil="true" />
  <PrincipalInfo xsi:nil="true" />
  <SchoolContactList xsi:nil="true" />
    <AddressList>
    <Address Type="0123" Role="012A">
      <StateProvince>NSW</StateProvince>
      <GridLocation xsi:nil="true" />
      <RadioContact xsi:nil="true" />
      <Community xsi:nil="true" />
      <LocalId xsi:nil="true" />
      <AddressGlobalUID xsi:nil="true" />
      <StatisticalAreas xsi:nil="true" />
    </Address>
  </AddressList>
  <PhoneNumberList xsi:nil="true" />
  <YearLevels xsi:nil="true" />
  <Campus xsi:nil="true" />
  <SchoolSector>G</SchoolSector>
  <SchoolGeographicLocation>15</SchoolGeographicLocation>
  <LocalGovernmentArea xsi:nil="true" />
  <JurisdictionLowerHouse xsi:nil="true" />
  <YearLevelEnrollmentList xsi:nil="true" />
  <TotalEnrollments xsi:nil="true" />
  <SchoolGroupList xsi:nil="true" />
  <SIF_Metadata xsi:nil="true" />
  <SIF_ExtendedElements xsi:nil="true" />
</SchoolInfo>

<SchoolInfo xmlns:xsd="http://www.w3.org/2001/XMLSchema" xmlns:xsi="http://www.w3.org/2001/XMLSchema-instance" RefId="e3083cc4-4264-4470-b6b9-b16392546fd9" xmlns="http://www.sifassociation.org/datamodel/au/3.4">
  <LocalId>x72862</LocalId>
  <StateProvinceId xsi:nil="true" />
  <CommonwealthId xsi:nil="true" />
  <ACARAId>21214</ACARAId>
  <OtherIdList xsi:nil="true" />
  <SchoolName>Fulminate Primary College</SchoolName>
  <LEAInfoRefId xsi:nil="true" />
  <SchoolDistrict xsi:nil="true" />
  <SchoolDistrictLocalId xsi:nil="true" />
  <SchoolFocusList xsi:nil="true" />
  <SchoolURL xsi:nil="true" />
  <SchoolEmailList xsi:nil="true" />
  <PrincipalInfo xsi:nil="true" />
  <SchoolContactList xsi:nil="true" />
    <AddressList>
    <Address Type="0123" Role="012A">
      <StateProvince>NSW</StateProvince>
      <GridLocation xsi:nil="true" />
      <RadioContact xsi:nil="true" />
      <Community xsi:nil="true" />
      <LocalId xsi:nil="true" />
      <AddressGlobalUID xsi:nil="true" />
      <StatisticalAreas xsi:nil="true" />
    </Address>
  </AddressList>
  <PhoneNumberList xsi:nil="true" />
  <YearLevels xsi:nil="true" />
  <Campus xsi:nil="true" />
  <SchoolSector>G</SchoolSector>
  <SchoolGeographicLocation>15</SchoolGeographicLocation>
  <LocalGovernmentArea xsi:nil="true" />
  <JurisdictionLowerHouse xsi:nil="true" />
  <YearLevelEnrollmentList xsi:nil="true" />
  <TotalEnrollments xsi:nil="true" />
  <SchoolGroupList xsi:nil="true" />
  <SIF_Metadata xsi:nil="true" />
  <SIF_ExtendedElements xsi:nil="true" />
</SchoolInfo>

<SchoolInfo xmlns:xsd="http://www.w3.org/2001/XMLSchema" xmlns:xsi="http://www.w3.org/2001/XMLSchema-instance" RefId="1660b292-1cc3-4174-ac45-a0d60e14e724" xmlns="http://www.sifassociation.org/datamodel/au/3.4">
  <LocalId>x72863</LocalId>
  <StateProvinceId xsi:nil="true" />
  <CommonwealthId xsi:nil="true" />
  <ACARAId>21215</ACARAId>
  <OtherIdList xsi:nil="true" />
  <SchoolName>Hempweed Primary College</SchoolName>
  <LEAInfoRefId xsi:nil="true" />
  <SchoolDistrict xsi:nil="true" />
  <SchoolDistrictLocalId xsi:nil="true" />
  <SchoolFocusList xsi:nil="true" />
  <SchoolURL xsi:nil="true" />
  <SchoolEmailList xsi:nil="true" />
  <PrincipalInfo xsi:nil="true" />
  <SchoolContactList xsi:nil="true" />
    <AddressList>
    <Address Type="0123" Role="012A">
      <StateProvince>NSW</StateProvince>
      <GridLocation xsi:nil="true" />
      <RadioContact xsi:nil="true" />
      <Community xsi:nil="true" />
      <LocalId xsi:nil="true" />
      <AddressGlobalUID xsi:nil="true" />
      <StatisticalAreas xsi:nil="true" />
    </Address>
  </AddressList>
  <PhoneNumberList xsi:nil="true" />
  <YearLevels xsi:nil="true" />
  <Campus xsi:nil="true" />
  <SchoolSector>G</SchoolSector>
  <SchoolGeographicLocation>15</SchoolGeographicLocation>
  <LocalGovernmentArea xsi:nil="true" />
  <JurisdictionLowerHouse xsi:nil="true" />
  <YearLevelEnrollmentList xsi:nil="true" />
  <TotalEnrollments xsi:nil="true" />
  <SchoolGroupList xsi:nil="true" />
  <SIF_Metadata xsi:nil="true" />
  <SIF_ExtendedElements xsi:nil="true" />
</SchoolInfo>

<SchoolInfo xmlns:xsd="http://www.w3.org/2001/XMLSchema" xmlns:xsi="http://www.w3.org/2001/XMLSchema-instance" RefId="267a6977-6acb-4b20-ac3d-534e0a59b6aa" xmlns="http://www.sifassociation.org/datamodel/au/3.4">
  <LocalId>x72864</LocalId>
  <StateProvinceId xsi:nil="true" />
  <CommonwealthId xsi:nil="true" />
  <ACARAId>21216</ACARAId>
  <OtherIdList xsi:nil="true" />
  <SchoolName>Interspinalis Secondary College</SchoolName>
  <LEAInfoRefId xsi:nil="true" />
  <SchoolDistrict xsi:nil="true" />
  <SchoolDistrictLocalId xsi:nil="true" />
  <SchoolFocusList xsi:nil="true" />
  <SchoolURL xsi:nil="true" />
  <SchoolEmailList xsi:nil="true" />
  <PrincipalInfo xsi:nil="true" />
  <SchoolContactList xsi:nil="true" />
    <AddressList>
    <Address Type="0123" Role="012A">
      <StateProvince>NSW</StateProvince>
      <GridLocation xsi:nil="true" />
      <RadioContact xsi:nil="true" />
      <Community xsi:nil="true" />
      <LocalId xsi:nil="true" />
      <AddressGlobalUID xsi:nil="true" />
      <StatisticalAreas xsi:nil="true" />
    </Address>
  </AddressList>
  <PhoneNumberList xsi:nil="true" />
  <YearLevels xsi:nil="true" />
  <Campus xsi:nil="true" />
  <SchoolSector>G</SchoolSector>
  <SchoolGeographicLocation>15</SchoolGeographicLocation>
  <LocalGovernmentArea xsi:nil="true" />
  <JurisdictionLowerHouse xsi:nil="true" />
  <YearLevelEnrollmentList xsi:nil="true" />
  <TotalEnrollments xsi:nil="true" />
  <SchoolGroupList xsi:nil="true" />
  <SIF_Metadata xsi:nil="true" />
  <SIF_ExtendedElements xsi:nil="true" />
</SchoolInfo>

<SchoolInfo xmlns:xsd="http://www.w3.org/2001/XMLSchema" xmlns:xsi="http://www.w3.org/2001/XMLSchema-instance" RefId="018520ea-0aa3-4714-8fb0-98e81095bb76" xmlns="http://www.sifassociation.org/datamodel/au/3.4">
  <LocalId>x72865</LocalId>
  <StateProvinceId xsi:nil="true" />
  <CommonwealthId xsi:nil="true" />
  <ACARAId>21217</ACARAId>
  <OtherIdList xsi:nil="true" />
  <SchoolName>Monochronous Combined College</SchoolName>
  <LEAInfoRefId xsi:nil="true" />
  <SchoolDistrict xsi:nil="true" />
  <SchoolDistrictLocalId xsi:nil="true" />
  <SchoolFocusList xsi:nil="true" />
  <SchoolURL xsi:nil="true" />
  <SchoolEmailList xsi:nil="true" />
  <PrincipalInfo xsi:nil="true" />
  <SchoolContactList xsi:nil="true" />
    <AddressList>
    <Address Type="0123" Role="012A">
      <StateProvince>NSW</StateProvince>
      <GridLocation xsi:nil="true" />
      <RadioContact xsi:nil="true" />
      <Community xsi:nil="true" />
      <LocalId xsi:nil="true" />
      <AddressGlobalUID xsi:nil="true" />
      <StatisticalAreas xsi:nil="true" />
    </Address>
  </AddressList>
  <PhoneNumberList xsi:nil="true" />
  <YearLevels xsi:nil="true" />
  <Campus xsi:nil="true" />
  <SchoolSector>G</SchoolSector>
  <SchoolGeographicLocation>15</SchoolGeographicLocation>
  <LocalGovernmentArea xsi:nil="true" />
  <JurisdictionLowerHouse xsi:nil="true" />
  <YearLevelEnrollmentList xsi:nil="true" />
  <TotalEnrollments xsi:nil="true" />
  <SchoolGroupList xsi:nil="true" />
  <SIF_Metadata xsi:nil="true" />
  <SIF_ExtendedElements xsi:nil="true" />
</SchoolInfo>

<SchoolInfo xmlns:xsd="http://www.w3.org/2001/XMLSchema" xmlns:xsi="http://www.w3.org/2001/XMLSchema-instance" RefId="41f1832e-d701-4d13-af2c-f80959683463" xmlns="http://www.sifassociation.org/datamodel/au/3.4">
  <LocalId>x72866</LocalId>
  <StateProvinceId xsi:nil="true" />
  <CommonwealthId xsi:nil="true" />
  <ACARAId>21218</ACARAId>
  <OtherIdList xsi:nil="true" />
  <SchoolName>Mowth Combined College</SchoolName>
  <LEAInfoRefId xsi:nil="true" />
  <SchoolDistrict xsi:nil="true" />
  <SchoolDistrictLocalId xsi:nil="true" />
  <SchoolFocusList xsi:nil="true" />
  <SchoolURL xsi:nil="true" />
  <SchoolEmailList xsi:nil="true" />
  <PrincipalInfo xsi:nil="true" />
  <SchoolContactList xsi:nil="true" />
    <AddressList>
    <Address Type="0123" Role="012A">
      <StateProvince>NSW</StateProvince>
      <GridLocation xsi:nil="true" />
      <RadioContact xsi:nil="true" />
      <Community xsi:nil="true" />
      <LocalId xsi:nil="true" />
      <AddressGlobalUID xsi:nil="true" />
      <StatisticalAreas xsi:nil="true" />
    </Address>
  </AddressList>
  <PhoneNumberList xsi:nil="true" />
  <YearLevels xsi:nil="true" />
  <Campus xsi:nil="true" />
  <SchoolSector>G</SchoolSector>
  <SchoolGeographicLocation>15</SchoolGeographicLocation>
  <LocalGovernmentArea xsi:nil="true" />
  <JurisdictionLowerHouse xsi:nil="true" />
  <YearLevelEnrollmentList xsi:nil="true" />
  <TotalEnrollments xsi:nil="true" />
  <SchoolGroupList xsi:nil="true" />
  <SIF_Metadata xsi:nil="true" />
  <SIF_ExtendedElements xsi:nil="true" />
</SchoolInfo>

<SchoolInfo xmlns:xsd="http://www.w3.org/2001/XMLSchema" xmlns:xsi="http://www.w3.org/2001/XMLSchema-instance" RefId="be95fe40-3f27-42fb-8ee0-2c460896809e" xmlns="http://www.sifassociation.org/datamodel/au/3.4">
  <LocalId>x72867</LocalId>
  <StateProvinceId xsi:nil="true" />
  <CommonwealthId xsi:nil="true" />
  <ACARAId>21219</ACARAId>
  <OtherIdList xsi:nil="true" />
  <SchoolName>Nondecomposition Combined College</SchoolName>
  <LEAInfoRefId xsi:nil="true" />
  <SchoolDistrict xsi:nil="true" />
  <SchoolDistrictLocalId xsi:nil="true" />
  <SchoolFocusList xsi:nil="true" />
  <SchoolURL xsi:nil="true" />
  <SchoolEmailList xsi:nil="true" />
  <PrincipalInfo xsi:nil="true" />
  <SchoolContactList xsi:nil="true" />
    <AddressList>
    <Address Type="0123" Role="012A">
      <StateProvince>NSW</StateProvince>
      <GridLocation xsi:nil="true" />
      <RadioContact xsi:nil="true" />
      <Community xsi:nil="true" />
      <LocalId xsi:nil="true" />
      <AddressGlobalUID xsi:nil="true" />
      <StatisticalAreas xsi:nil="true" />
    </Address>
  </AddressList>
  <PhoneNumberList xsi:nil="true" />
  <YearLevels xsi:nil="true" />
  <Campus xsi:nil="true" />
  <SchoolSector>G</SchoolSector>
  <SchoolGeographicLocation>15</SchoolGeographicLocation>
  <LocalGovernmentArea xsi:nil="true" />
  <JurisdictionLowerHouse xsi:nil="true" />
  <YearLevelEnrollmentList xsi:nil="true" />
  <TotalEnrollments xsi:nil="true" />
  <SchoolGroupList xsi:nil="true" />
  <SIF_Metadata xsi:nil="true" />
  <SIF_ExtendedElements xsi:nil="true" />
</SchoolInfo>

<SchoolInfo xmlns:xsd="http://www.w3.org/2001/XMLSchema" xmlns:xsi="http://www.w3.org/2001/XMLSchema-instance" RefId="51fd2865-8b15-4dfa-966e-9938f0165648" xmlns="http://www.sifassociation.org/datamodel/au/3.4">
  <LocalId>x72868</LocalId>
  <StateProvinceId xsi:nil="true" />
  <CommonwealthId xsi:nil="true" />
  <ACARAId>21220</ACARAId>
  <OtherIdList xsi:nil="true" />
  <SchoolName>Sugarbird Combined College</SchoolName>
  <LEAInfoRefId xsi:nil="true" />
  <SchoolDistrict xsi:nil="true" />
  <SchoolDistrictLocalId xsi:nil="true" />
  <SchoolFocusList xsi:nil="true" />
  <SchoolURL xsi:nil="true" />
  <SchoolEmailList xsi:nil="true" />
  <PrincipalInfo xsi:nil="true" />
  <SchoolContactList xsi:nil="true" />
    <AddressList>
    <Address Type="0123" Role="012A">
      <StateProvince>NSW</StateProvince>
      <GridLocation xsi:nil="true" />
      <RadioContact xsi:nil="true" />
      <Community xsi:nil="true" />
      <LocalId xsi:nil="true" />
      <AddressGlobalUID xsi:nil="true" />
      <StatisticalAreas xsi:nil="true" />
    </Address>
  </AddressList>
  <PhoneNumberList xsi:nil="true" />
  <YearLevels xsi:nil="true" />
  <Campus xsi:nil="true" />
  <SchoolSector>G</SchoolSector>
  <SchoolGeographicLocation>15</SchoolGeographicLocation>
  <LocalGovernmentArea xsi:nil="true" />
  <JurisdictionLowerHouse xsi:nil="true" />
  <YearLevelEnrollmentList xsi:nil="true" />
  <TotalEnrollments xsi:nil="true" />
  <SchoolGroupList xsi:nil="true" />
  <SIF_Metadata xsi:nil="true" />
  <SIF_ExtendedElements xsi:nil="true" />
</SchoolInfo>

<SchoolInfo xmlns:xsd="http://www.w3.org/2001/XMLSchema" xmlns:xsi="http://www.w3.org/2001/XMLSchema-instance" RefId="9662d7fb-ed50-4e0c-9757-881c731f21ec" xmlns="http://www.sifassociation.org/datamodel/au/3.4">
  <LocalId>x72869</LocalId>
  <StateProvinceId xsi:nil="true" />
  <CommonwealthId xsi:nil="true" />
  <ACARAId>21221</ACARAId>
  <OtherIdList xsi:nil="true" />
  <SchoolName>Uncircumstanced Secondary College</SchoolName>
  <LEAInfoRefId xsi:nil="true" />
  <SchoolDistrict xsi:nil="true" />
  <SchoolDistrictLocalId xsi:nil="true" />
  <SchoolFocusList xsi:nil="true" />
  <SchoolURL xsi:nil="true" />
  <SchoolEmailList xsi:nil="true" />
  <PrincipalInfo xsi:nil="true" />
  <SchoolContactList xsi:nil="true" />
    <AddressList>
    <Address Type="0123" Role="012A">
      <StateProvince>NSW</StateProvince>
      <GridLocation xsi:nil="true" />
      <RadioContact xsi:nil="true" />
      <Community xsi:nil="true" />
      <LocalId xsi:nil="true" />
      <AddressGlobalUID xsi:nil="true" />
      <StatisticalAreas xsi:nil="true" />
    </Address>
  </AddressList>
  <PhoneNumberList xsi:nil="true" />
  <YearLevels xsi:nil="true" />
  <Campus xsi:nil="true" />
  <SchoolSector>G</SchoolSector>
  <SchoolGeographicLocation>15</SchoolGeographicLocation>
  <LocalGovernmentArea xsi:nil="true" />
  <JurisdictionLowerHouse xsi:nil="true" />
  <YearLevelEnrollmentList xsi:nil="true" />
  <TotalEnrollments xsi:nil="true" />
  <SchoolGroupList xsi:nil="true" />
  <SIF_Metadata xsi:nil="true" />
  <SIF_ExtendedElements xsi:nil="true" />
</SchoolInfo>
</NAPResultsReporting>
