<NAPResultsReporting xmlns="http://www.sifassociation.org/datamodel/au/3.4">

  <SchoolInfo xmlns:xsd="http://www.w3.org/2001/XMLSchema" xmlns:xsi="http://www.w3.org/2001/XMLSchema-instance" RefId="5630f4d2-525e-4863-9490-87444e222402" xmlns="http://www.sifassociation.org/datamodel/au/3.4">
  <LocalId>x72860</LocalId>
  <StateProvinceId xsi:nil="true" />
  <CommonwealthId xsi:nil="true" />
  <ACARAId>21212</ACARAId>
  <OtherIdList xsi:nil="true" />
  <SchoolName>Convectional Secondary College</SchoolName>
  <LEAInfoRefId xsi:nil="true" />
  <SchoolDistrict xsi:nil="true" />
  <SchoolDistrictLocalId xsi:nil="true" />
  <SchoolFocusList xsi:nil="true" />
  <SchoolURL xsi:nil="true" />
  <SchoolEmailList xsi:nil="true" />
  <PrincipalInfo xsi:nil="true" />
  <SchoolContactList xsi:nil="true" />
  <PhoneNumberList xsi:nil="true" />
  <YearLevels xsi:nil="true" />
  <Campus xsi:nil="true" />
  <SchoolSector>NG</SchoolSector>
  <LocalGovernmentArea xsi:nil="true" />
  <JurisdictionLowerHouse xsi:nil="true" />
  <YearLevelEnrollmentList xsi:nil="true" />
  <TotalEnrollments xsi:nil="true" />
  <SchoolGroupList xsi:nil="true" />
  <SIF_Metadata xsi:nil="true" />
  <SIF_ExtendedElements xsi:nil="true" />
</SchoolInfo>

  <SchoolInfo xmlns:xsd="http://www.w3.org/2001/XMLSchema" xmlns:xsi="http://www.w3.org/2001/XMLSchema-instance" RefId="0ee04d4b-3c1e-431b-b791-060801ea7bea" xmlns="http://www.sifassociation.org/datamodel/au/3.4">
  <LocalId>x72861</LocalId>
  <StateProvinceId xsi:nil="true" />
  <CommonwealthId xsi:nil="true" />
  <ACARAId>21213</ACARAId>
  <OtherIdList xsi:nil="true" />
  <SchoolName>Foredate Secondary College</SchoolName>
  <LEAInfoRefId xsi:nil="true" />
  <SchoolDistrict xsi:nil="true" />
  <SchoolDistrictLocalId xsi:nil="true" />
  <SchoolFocusList xsi:nil="true" />
  <SchoolURL xsi:nil="true" />
  <SchoolEmailList xsi:nil="true" />
  <PrincipalInfo xsi:nil="true" />
  <SchoolContactList xsi:nil="true" />
  <PhoneNumberList xsi:nil="true" />
  <YearLevels xsi:nil="true" />
  <Campus xsi:nil="true" />
  <SchoolSector>NG</SchoolSector>
  <LocalGovernmentArea xsi:nil="true" />
  <JurisdictionLowerHouse xsi:nil="true" />
  <YearLevelEnrollmentList xsi:nil="true" />
  <TotalEnrollments xsi:nil="true" />
  <SchoolGroupList xsi:nil="true" />
  <SIF_Metadata xsi:nil="true" />
  <SIF_ExtendedElements xsi:nil="true" />
</SchoolInfo>

  <SchoolInfo xmlns:xsd="http://www.w3.org/2001/XMLSchema" xmlns:xsi="http://www.w3.org/2001/XMLSchema-instance" RefId="9a60a55b-3af2-4454-b412-d66bf1955572" xmlns="http://www.sifassociation.org/datamodel/au/3.4">
  <LocalId>x72862</LocalId>
  <StateProvinceId xsi:nil="true" />
  <CommonwealthId xsi:nil="true" />
  <ACARAId>21214</ACARAId>
  <OtherIdList xsi:nil="true" />
  <SchoolName>Nettlewort Secondary College</SchoolName>
  <LEAInfoRefId xsi:nil="true" />
  <SchoolDistrict xsi:nil="true" />
  <SchoolDistrictLocalId xsi:nil="true" />
  <SchoolFocusList xsi:nil="true" />
  <SchoolURL xsi:nil="true" />
  <SchoolEmailList xsi:nil="true" />
  <PrincipalInfo xsi:nil="true" />
  <SchoolContactList xsi:nil="true" />
  <PhoneNumberList xsi:nil="true" />
  <YearLevels xsi:nil="true" />
  <Campus xsi:nil="true" />
  <SchoolSector>NG</SchoolSector>
  <LocalGovernmentArea xsi:nil="true" />
  <JurisdictionLowerHouse xsi:nil="true" />
  <YearLevelEnrollmentList xsi:nil="true" />
  <TotalEnrollments xsi:nil="true" />
  <SchoolGroupList xsi:nil="true" />
  <SIF_Metadata xsi:nil="true" />
  <SIF_ExtendedElements xsi:nil="true" />
</SchoolInfo>

  <SchoolInfo xmlns:xsd="http://www.w3.org/2001/XMLSchema" xmlns:xsi="http://www.w3.org/2001/XMLSchema-instance" RefId="036f549c-30eb-4bb3-a7fd-1ea9d086e05f" xmlns="http://www.sifassociation.org/datamodel/au/3.4">
  <LocalId>x72863</LocalId>
  <StateProvinceId xsi:nil="true" />
  <CommonwealthId xsi:nil="true" />
  <ACARAId>21215</ACARAId>
  <OtherIdList xsi:nil="true" />
  <SchoolName>Neuroclonic Secondary College</SchoolName>
  <LEAInfoRefId xsi:nil="true" />
  <SchoolDistrict xsi:nil="true" />
  <SchoolDistrictLocalId xsi:nil="true" />
  <SchoolFocusList xsi:nil="true" />
  <SchoolURL xsi:nil="true" />
  <SchoolEmailList xsi:nil="true" />
  <PrincipalInfo xsi:nil="true" />
  <SchoolContactList xsi:nil="true" />
  <PhoneNumberList xsi:nil="true" />
  <YearLevels xsi:nil="true" />
  <Campus xsi:nil="true" />
  <SchoolSector>NG</SchoolSector>
  <LocalGovernmentArea xsi:nil="true" />
  <JurisdictionLowerHouse xsi:nil="true" />
  <YearLevelEnrollmentList xsi:nil="true" />
  <TotalEnrollments xsi:nil="true" />
  <SchoolGroupList xsi:nil="true" />
  <SIF_Metadata xsi:nil="true" />
  <SIF_ExtendedElements xsi:nil="true" />
</SchoolInfo>

  <SchoolInfo xmlns:xsd="http://www.w3.org/2001/XMLSchema" xmlns:xsi="http://www.w3.org/2001/XMLSchema-instance" RefId="f5981315-b17a-4b08-8a40-dccf9f03846c" xmlns="http://www.sifassociation.org/datamodel/au/3.4">
  <LocalId>x72864</LocalId>
  <StateProvinceId xsi:nil="true" />
  <CommonwealthId xsi:nil="true" />
  <ACARAId>21216</ACARAId>
  <OtherIdList xsi:nil="true" />
  <SchoolName>Nychthemer Secondary College</SchoolName>
  <LEAInfoRefId xsi:nil="true" />
  <SchoolDistrict xsi:nil="true" />
  <SchoolDistrictLocalId xsi:nil="true" />
  <SchoolFocusList xsi:nil="true" />
  <SchoolURL xsi:nil="true" />
  <SchoolEmailList xsi:nil="true" />
  <PrincipalInfo xsi:nil="true" />
  <SchoolContactList xsi:nil="true" />
  <PhoneNumberList xsi:nil="true" />
  <YearLevels xsi:nil="true" />
  <Campus xsi:nil="true" />
  <SchoolSector>NG</SchoolSector>
  <LocalGovernmentArea xsi:nil="true" />
  <JurisdictionLowerHouse xsi:nil="true" />
  <YearLevelEnrollmentList xsi:nil="true" />
  <TotalEnrollments xsi:nil="true" />
  <SchoolGroupList xsi:nil="true" />
  <SIF_Metadata xsi:nil="true" />
  <SIF_ExtendedElements xsi:nil="true" />
</SchoolInfo>

  <SchoolInfo xmlns:xsd="http://www.w3.org/2001/XMLSchema" xmlns:xsi="http://www.w3.org/2001/XMLSchema-instance" RefId="dc547806-c0a5-4df2-ba97-01ea15a9b982" xmlns="http://www.sifassociation.org/datamodel/au/3.4">
  <LocalId>x72865</LocalId>
  <StateProvinceId xsi:nil="true" />
  <CommonwealthId xsi:nil="true" />
  <ACARAId>21217</ACARAId>
  <OtherIdList xsi:nil="true" />
  <SchoolName>Phosphorography Secondary College</SchoolName>
  <LEAInfoRefId xsi:nil="true" />
  <SchoolDistrict xsi:nil="true" />
  <SchoolDistrictLocalId xsi:nil="true" />
  <SchoolFocusList xsi:nil="true" />
  <SchoolURL xsi:nil="true" />
  <SchoolEmailList xsi:nil="true" />
  <PrincipalInfo xsi:nil="true" />
  <SchoolContactList xsi:nil="true" />
  <PhoneNumberList xsi:nil="true" />
  <YearLevels xsi:nil="true" />
  <Campus xsi:nil="true" />
  <SchoolSector>NG</SchoolSector>
  <LocalGovernmentArea xsi:nil="true" />
  <JurisdictionLowerHouse xsi:nil="true" />
  <YearLevelEnrollmentList xsi:nil="true" />
  <TotalEnrollments xsi:nil="true" />
  <SchoolGroupList xsi:nil="true" />
  <SIF_Metadata xsi:nil="true" />
  <SIF_ExtendedElements xsi:nil="true" />
</SchoolInfo>

  <SchoolInfo xmlns:xsd="http://www.w3.org/2001/XMLSchema" xmlns:xsi="http://www.w3.org/2001/XMLSchema-instance" RefId="7982aa03-d7c4-4f03-9691-4d2879d8121e" xmlns="http://www.sifassociation.org/datamodel/au/3.4">
  <LocalId>x72866</LocalId>
  <StateProvinceId xsi:nil="true" />
  <CommonwealthId xsi:nil="true" />
  <ACARAId>21218</ACARAId>
  <OtherIdList xsi:nil="true" />
  <SchoolName>Raw Secondary College</SchoolName>
  <LEAInfoRefId xsi:nil="true" />
  <SchoolDistrict xsi:nil="true" />
  <SchoolDistrictLocalId xsi:nil="true" />
  <SchoolFocusList xsi:nil="true" />
  <SchoolURL xsi:nil="true" />
  <SchoolEmailList xsi:nil="true" />
  <PrincipalInfo xsi:nil="true" />
  <SchoolContactList xsi:nil="true" />
  <PhoneNumberList xsi:nil="true" />
  <YearLevels xsi:nil="true" />
  <Campus xsi:nil="true" />
  <SchoolSector>NG</SchoolSector>
  <LocalGovernmentArea xsi:nil="true" />
  <JurisdictionLowerHouse xsi:nil="true" />
  <YearLevelEnrollmentList xsi:nil="true" />
  <TotalEnrollments xsi:nil="true" />
  <SchoolGroupList xsi:nil="true" />
  <SIF_Metadata xsi:nil="true" />
  <SIF_ExtendedElements xsi:nil="true" />
</SchoolInfo>

  <SchoolInfo xmlns:xsd="http://www.w3.org/2001/XMLSchema" xmlns:xsi="http://www.w3.org/2001/XMLSchema-instance" RefId="f126cb89-f316-4b8b-9693-22bea8611150" xmlns="http://www.sifassociation.org/datamodel/au/3.4">
  <LocalId>x72867</LocalId>
  <StateProvinceId xsi:nil="true" />
  <CommonwealthId xsi:nil="true" />
  <ACARAId>21219</ACARAId>
  <OtherIdList xsi:nil="true" />
  <SchoolName>Samarium Secondary College</SchoolName>
  <LEAInfoRefId xsi:nil="true" />
  <SchoolDistrict xsi:nil="true" />
  <SchoolDistrictLocalId xsi:nil="true" />
  <SchoolFocusList xsi:nil="true" />
  <SchoolURL xsi:nil="true" />
  <SchoolEmailList xsi:nil="true" />
  <PrincipalInfo xsi:nil="true" />
  <SchoolContactList xsi:nil="true" />
  <PhoneNumberList xsi:nil="true" />
  <YearLevels xsi:nil="true" />
  <Campus xsi:nil="true" />
  <SchoolSector>NG</SchoolSector>
  <LocalGovernmentArea xsi:nil="true" />
  <JurisdictionLowerHouse xsi:nil="true" />
  <YearLevelEnrollmentList xsi:nil="true" />
  <TotalEnrollments xsi:nil="true" />
  <SchoolGroupList xsi:nil="true" />
  <SIF_Metadata xsi:nil="true" />
  <SIF_ExtendedElements xsi:nil="true" />
</SchoolInfo>

  <SchoolInfo xmlns:xsd="http://www.w3.org/2001/XMLSchema" xmlns:xsi="http://www.w3.org/2001/XMLSchema-instance" RefId="f4129d7c-3107-4229-b3e2-f55601beee68" xmlns="http://www.sifassociation.org/datamodel/au/3.4">
  <LocalId>x72868</LocalId>
  <StateProvinceId xsi:nil="true" />
  <CommonwealthId xsi:nil="true" />
  <ACARAId>21220</ACARAId>
  <OtherIdList xsi:nil="true" />
  <SchoolName>Urethrometer Secondary College</SchoolName>
  <LEAInfoRefId xsi:nil="true" />
  <SchoolDistrict xsi:nil="true" />
  <SchoolDistrictLocalId xsi:nil="true" />
  <SchoolFocusList xsi:nil="true" />
  <SchoolURL xsi:nil="true" />
  <SchoolEmailList xsi:nil="true" />
  <PrincipalInfo xsi:nil="true" />
  <SchoolContactList xsi:nil="true" />
  <PhoneNumberList xsi:nil="true" />
  <YearLevels xsi:nil="true" />
  <Campus xsi:nil="true" />
  <SchoolSector>NG</SchoolSector>
  <LocalGovernmentArea xsi:nil="true" />
  <JurisdictionLowerHouse xsi:nil="true" />
  <YearLevelEnrollmentList xsi:nil="true" />
  <TotalEnrollments xsi:nil="true" />
  <SchoolGroupList xsi:nil="true" />
  <SIF_Metadata xsi:nil="true" />
  <SIF_ExtendedElements xsi:nil="true" />
</SchoolInfo>

  <SchoolInfo xmlns:xsd="http://www.w3.org/2001/XMLSchema" xmlns:xsi="http://www.w3.org/2001/XMLSchema-instance" RefId="909fbbbd-9ed7-4dd9-b272-e58e13cc7ac5" xmlns="http://www.sifassociation.org/datamodel/au/3.4">
  <LocalId>x72869</LocalId>
  <StateProvinceId xsi:nil="true" />
  <CommonwealthId xsi:nil="true" />
  <ACARAId>21221</ACARAId>
  <OtherIdList xsi:nil="true" />
  <SchoolName>Virgulariidae Secondary College</SchoolName>
  <LEAInfoRefId xsi:nil="true" />
  <SchoolDistrict xsi:nil="true" />
  <SchoolDistrictLocalId xsi:nil="true" />
  <SchoolFocusList xsi:nil="true" />
  <SchoolURL xsi:nil="true" />
  <SchoolEmailList xsi:nil="true" />
  <PrincipalInfo xsi:nil="true" />
  <SchoolContactList xsi:nil="true" />
  <PhoneNumberList xsi:nil="true" />
  <YearLevels xsi:nil="true" />
  <Campus xsi:nil="true" />
  <SchoolSector>NG</SchoolSector>
  <LocalGovernmentArea xsi:nil="true" />
  <JurisdictionLowerHouse xsi:nil="true" />
  <YearLevelEnrollmentList xsi:nil="true" />
  <TotalEnrollments xsi:nil="true" />
  <SchoolGroupList xsi:nil="true" />
  <SIF_Metadata xsi:nil="true" />
  <SIF_ExtendedElements xsi:nil="true" />
</SchoolInfo>
</NAPResultsReporting>
