<NAPResultsReporting xmlns="http://www.sifassociation.org/datamodel/au/3.4">

  <SchoolInfo xmlns:xsd="http://www.w3.org/2001/XMLSchema" xmlns:xsi="http://www.w3.org/2001/XMLSchema-instance" RefId="c5c65b04-7209-484d-99f3-34353ca00935" xmlns="http://www.sifassociation.org/datamodel/au/3.4">
  <LocalId>x72860</LocalId>
  <StateProvinceId xsi:nil="true" />
  <CommonwealthId xsi:nil="true" />
  <ACARAId>21212</ACARAId>
  <OtherIdList xsi:nil="true" />
  <SchoolName>Destituteness Secondary College</SchoolName>
  <LEAInfoRefId xsi:nil="true" />
  <OtherLEA xsi:nil="true" />
  <SchoolDistrict xsi:nil="true" />
  <SchoolDistrictLocalId xsi:nil="true" />
  <SchoolFocusList xsi:nil="true" />
  <SchoolURL xsi:nil="true" />
  <SchoolEmailList xsi:nil="true" />
  <PrincipalInfo xsi:nil="true" />
  <SchoolContactList xsi:nil="true" />
  <AddressList>
    <Address Type="0123" Role="012A">
      <StateProvince />
      <GridLocation xsi:nil="true" />
      <MapReference xsi:nil="true" />
      <RadioContact xsi:nil="true" />
      <Community xsi:nil="true" />
      <LocalId xsi:nil="true" />
      <AddressGlobalUID xsi:nil="true" />
      <StatisticalAreas xsi:nil="true" />
    </Address>
  </AddressList>
  <PhoneNumberList xsi:nil="true" />
  <YearLevels xsi:nil="true" />
  <Campus xsi:nil="true" />
  <SchoolSector>NG</SchoolSector>
  <LocalGovernmentArea xsi:nil="true" />
  <JurisdictionLowerHouse xsi:nil="true" />
  <YearLevelEnrollmentList xsi:nil="true" />
  <TotalEnrollments xsi:nil="true" />
  <SchoolGroupList xsi:nil="true" />
  <SIF_Metadata xsi:nil="true" />
  <SIF_ExtendedElements xsi:nil="true" />
</SchoolInfo>

  <SchoolInfo xmlns:xsd="http://www.w3.org/2001/XMLSchema" xmlns:xsi="http://www.w3.org/2001/XMLSchema-instance" RefId="585edd20-36a7-43af-b4a5-633c82ca0b71" xmlns="http://www.sifassociation.org/datamodel/au/3.4">
  <LocalId>x72861</LocalId>
  <StateProvinceId xsi:nil="true" />
  <CommonwealthId xsi:nil="true" />
  <ACARAId>21213</ACARAId>
  <OtherIdList xsi:nil="true" />
  <SchoolName>Examinatory Secondary College</SchoolName>
  <LEAInfoRefId xsi:nil="true" />
  <OtherLEA xsi:nil="true" />
  <SchoolDistrict xsi:nil="true" />
  <SchoolDistrictLocalId xsi:nil="true" />
  <SchoolFocusList xsi:nil="true" />
  <SchoolURL xsi:nil="true" />
  <SchoolEmailList xsi:nil="true" />
  <PrincipalInfo xsi:nil="true" />
  <SchoolContactList xsi:nil="true" />
  <AddressList>
    <Address Type="0123" Role="012A">
      <StateProvince />
      <GridLocation xsi:nil="true" />
      <MapReference xsi:nil="true" />
      <RadioContact xsi:nil="true" />
      <Community xsi:nil="true" />
      <LocalId xsi:nil="true" />
      <AddressGlobalUID xsi:nil="true" />
      <StatisticalAreas xsi:nil="true" />
    </Address>
  </AddressList>
  <PhoneNumberList xsi:nil="true" />
  <YearLevels xsi:nil="true" />
  <Campus xsi:nil="true" />
  <SchoolSector>NG</SchoolSector>
  <LocalGovernmentArea xsi:nil="true" />
  <JurisdictionLowerHouse xsi:nil="true" />
  <YearLevelEnrollmentList xsi:nil="true" />
  <TotalEnrollments xsi:nil="true" />
  <SchoolGroupList xsi:nil="true" />
  <SIF_Metadata xsi:nil="true" />
  <SIF_ExtendedElements xsi:nil="true" />
</SchoolInfo>

  <SchoolInfo xmlns:xsd="http://www.w3.org/2001/XMLSchema" xmlns:xsi="http://www.w3.org/2001/XMLSchema-instance" RefId="0217dddf-4743-4670-bca1-a8f1b4a04828" xmlns="http://www.sifassociation.org/datamodel/au/3.4">
  <LocalId>x72862</LocalId>
  <StateProvinceId xsi:nil="true" />
  <CommonwealthId xsi:nil="true" />
  <ACARAId>21214</ACARAId>
  <OtherIdList xsi:nil="true" />
  <SchoolName>Innominable Secondary College</SchoolName>
  <LEAInfoRefId xsi:nil="true" />
  <OtherLEA xsi:nil="true" />
  <SchoolDistrict xsi:nil="true" />
  <SchoolDistrictLocalId xsi:nil="true" />
  <SchoolFocusList xsi:nil="true" />
  <SchoolURL xsi:nil="true" />
  <SchoolEmailList xsi:nil="true" />
  <PrincipalInfo xsi:nil="true" />
  <SchoolContactList xsi:nil="true" />
  <AddressList>
    <Address Type="0123" Role="012A">
      <StateProvince />
      <GridLocation xsi:nil="true" />
      <MapReference xsi:nil="true" />
      <RadioContact xsi:nil="true" />
      <Community xsi:nil="true" />
      <LocalId xsi:nil="true" />
      <AddressGlobalUID xsi:nil="true" />
      <StatisticalAreas xsi:nil="true" />
    </Address>
  </AddressList>
  <PhoneNumberList xsi:nil="true" />
  <YearLevels xsi:nil="true" />
  <Campus xsi:nil="true" />
  <SchoolSector>NG</SchoolSector>
  <LocalGovernmentArea xsi:nil="true" />
  <JurisdictionLowerHouse xsi:nil="true" />
  <YearLevelEnrollmentList xsi:nil="true" />
  <TotalEnrollments xsi:nil="true" />
  <SchoolGroupList xsi:nil="true" />
  <SIF_Metadata xsi:nil="true" />
  <SIF_ExtendedElements xsi:nil="true" />
</SchoolInfo>

  <SchoolInfo xmlns:xsd="http://www.w3.org/2001/XMLSchema" xmlns:xsi="http://www.w3.org/2001/XMLSchema-instance" RefId="e3e9de29-77bd-4480-af8a-8b90cfff9b88" xmlns="http://www.sifassociation.org/datamodel/au/3.4">
  <LocalId>x72863</LocalId>
  <StateProvinceId xsi:nil="true" />
  <CommonwealthId xsi:nil="true" />
  <ACARAId>21215</ACARAId>
  <OtherIdList xsi:nil="true" />
  <SchoolName>Pentadicity Secondary College</SchoolName>
  <LEAInfoRefId xsi:nil="true" />
  <OtherLEA xsi:nil="true" />
  <SchoolDistrict xsi:nil="true" />
  <SchoolDistrictLocalId xsi:nil="true" />
  <SchoolFocusList xsi:nil="true" />
  <SchoolURL xsi:nil="true" />
  <SchoolEmailList xsi:nil="true" />
  <PrincipalInfo xsi:nil="true" />
  <SchoolContactList xsi:nil="true" />
  <AddressList>
    <Address Type="0123" Role="012A">
      <StateProvince />
      <GridLocation xsi:nil="true" />
      <MapReference xsi:nil="true" />
      <RadioContact xsi:nil="true" />
      <Community xsi:nil="true" />
      <LocalId xsi:nil="true" />
      <AddressGlobalUID xsi:nil="true" />
      <StatisticalAreas xsi:nil="true" />
    </Address>
  </AddressList>
  <PhoneNumberList xsi:nil="true" />
  <YearLevels xsi:nil="true" />
  <Campus xsi:nil="true" />
  <SchoolSector>NG</SchoolSector>
  <LocalGovernmentArea xsi:nil="true" />
  <JurisdictionLowerHouse xsi:nil="true" />
  <YearLevelEnrollmentList xsi:nil="true" />
  <TotalEnrollments xsi:nil="true" />
  <SchoolGroupList xsi:nil="true" />
  <SIF_Metadata xsi:nil="true" />
  <SIF_ExtendedElements xsi:nil="true" />
</SchoolInfo>

  <SchoolInfo xmlns:xsd="http://www.w3.org/2001/XMLSchema" xmlns:xsi="http://www.w3.org/2001/XMLSchema-instance" RefId="0e7531d1-2d2b-41d2-9968-ce2b108fddd3" xmlns="http://www.sifassociation.org/datamodel/au/3.4">
  <LocalId>x72864</LocalId>
  <StateProvinceId xsi:nil="true" />
  <CommonwealthId xsi:nil="true" />
  <ACARAId>21216</ACARAId>
  <OtherIdList xsi:nil="true" />
  <SchoolName>Prerighteousness Secondary College</SchoolName>
  <LEAInfoRefId xsi:nil="true" />
  <OtherLEA xsi:nil="true" />
  <SchoolDistrict xsi:nil="true" />
  <SchoolDistrictLocalId xsi:nil="true" />
  <SchoolFocusList xsi:nil="true" />
  <SchoolURL xsi:nil="true" />
  <SchoolEmailList xsi:nil="true" />
  <PrincipalInfo xsi:nil="true" />
  <SchoolContactList xsi:nil="true" />
  <AddressList>
    <Address Type="0123" Role="012A">
      <StateProvince />
      <GridLocation xsi:nil="true" />
      <MapReference xsi:nil="true" />
      <RadioContact xsi:nil="true" />
      <Community xsi:nil="true" />
      <LocalId xsi:nil="true" />
      <AddressGlobalUID xsi:nil="true" />
      <StatisticalAreas xsi:nil="true" />
    </Address>
  </AddressList>
  <PhoneNumberList xsi:nil="true" />
  <YearLevels xsi:nil="true" />
  <Campus xsi:nil="true" />
  <SchoolSector>NG</SchoolSector>
  <LocalGovernmentArea xsi:nil="true" />
  <JurisdictionLowerHouse xsi:nil="true" />
  <YearLevelEnrollmentList xsi:nil="true" />
  <TotalEnrollments xsi:nil="true" />
  <SchoolGroupList xsi:nil="true" />
  <SIF_Metadata xsi:nil="true" />
  <SIF_ExtendedElements xsi:nil="true" />
</SchoolInfo>

  <SchoolInfo xmlns:xsd="http://www.w3.org/2001/XMLSchema" xmlns:xsi="http://www.w3.org/2001/XMLSchema-instance" RefId="62ee83f4-a807-471f-bf9a-e351cca0b766" xmlns="http://www.sifassociation.org/datamodel/au/3.4">
  <LocalId>x72865</LocalId>
  <StateProvinceId xsi:nil="true" />
  <CommonwealthId xsi:nil="true" />
  <ACARAId>21217</ACARAId>
  <OtherIdList xsi:nil="true" />
  <SchoolName>Prosopic Secondary College</SchoolName>
  <LEAInfoRefId xsi:nil="true" />
  <OtherLEA xsi:nil="true" />
  <SchoolDistrict xsi:nil="true" />
  <SchoolDistrictLocalId xsi:nil="true" />
  <SchoolFocusList xsi:nil="true" />
  <SchoolURL xsi:nil="true" />
  <SchoolEmailList xsi:nil="true" />
  <PrincipalInfo xsi:nil="true" />
  <SchoolContactList xsi:nil="true" />
  <AddressList>
    <Address Type="0123" Role="012A">
      <StateProvince />
      <GridLocation xsi:nil="true" />
      <MapReference xsi:nil="true" />
      <RadioContact xsi:nil="true" />
      <Community xsi:nil="true" />
      <LocalId xsi:nil="true" />
      <AddressGlobalUID xsi:nil="true" />
      <StatisticalAreas xsi:nil="true" />
    </Address>
  </AddressList>
  <PhoneNumberList xsi:nil="true" />
  <YearLevels xsi:nil="true" />
  <Campus xsi:nil="true" />
  <SchoolSector>NG</SchoolSector>
  <LocalGovernmentArea xsi:nil="true" />
  <JurisdictionLowerHouse xsi:nil="true" />
  <YearLevelEnrollmentList xsi:nil="true" />
  <TotalEnrollments xsi:nil="true" />
  <SchoolGroupList xsi:nil="true" />
  <SIF_Metadata xsi:nil="true" />
  <SIF_ExtendedElements xsi:nil="true" />
</SchoolInfo>

  <SchoolInfo xmlns:xsd="http://www.w3.org/2001/XMLSchema" xmlns:xsi="http://www.w3.org/2001/XMLSchema-instance" RefId="e474d1fa-bd18-47b6-9b0a-7d4d3d25e0c5" xmlns="http://www.sifassociation.org/datamodel/au/3.4">
  <LocalId>x72866</LocalId>
  <StateProvinceId xsi:nil="true" />
  <CommonwealthId xsi:nil="true" />
  <ACARAId>21218</ACARAId>
  <OtherIdList xsi:nil="true" />
  <SchoolName>Spondylic Secondary College</SchoolName>
  <LEAInfoRefId xsi:nil="true" />
  <OtherLEA xsi:nil="true" />
  <SchoolDistrict xsi:nil="true" />
  <SchoolDistrictLocalId xsi:nil="true" />
  <SchoolFocusList xsi:nil="true" />
  <SchoolURL xsi:nil="true" />
  <SchoolEmailList xsi:nil="true" />
  <PrincipalInfo xsi:nil="true" />
  <SchoolContactList xsi:nil="true" />
  <AddressList>
    <Address Type="0123" Role="012A">
      <StateProvince />
      <GridLocation xsi:nil="true" />
      <MapReference xsi:nil="true" />
      <RadioContact xsi:nil="true" />
      <Community xsi:nil="true" />
      <LocalId xsi:nil="true" />
      <AddressGlobalUID xsi:nil="true" />
      <StatisticalAreas xsi:nil="true" />
    </Address>
  </AddressList>
  <PhoneNumberList xsi:nil="true" />
  <YearLevels xsi:nil="true" />
  <Campus xsi:nil="true" />
  <SchoolSector>NG</SchoolSector>
  <LocalGovernmentArea xsi:nil="true" />
  <JurisdictionLowerHouse xsi:nil="true" />
  <YearLevelEnrollmentList xsi:nil="true" />
  <TotalEnrollments xsi:nil="true" />
  <SchoolGroupList xsi:nil="true" />
  <SIF_Metadata xsi:nil="true" />
  <SIF_ExtendedElements xsi:nil="true" />
</SchoolInfo>

  <SchoolInfo xmlns:xsd="http://www.w3.org/2001/XMLSchema" xmlns:xsi="http://www.w3.org/2001/XMLSchema-instance" RefId="945204a3-ebda-4001-a11c-2a49ee9f597d" xmlns="http://www.sifassociation.org/datamodel/au/3.4">
  <LocalId>x72867</LocalId>
  <StateProvinceId xsi:nil="true" />
  <CommonwealthId xsi:nil="true" />
  <ACARAId>21219</ACARAId>
  <OtherIdList xsi:nil="true" />
  <SchoolName>Surveyorship Secondary College</SchoolName>
  <LEAInfoRefId xsi:nil="true" />
  <OtherLEA xsi:nil="true" />
  <SchoolDistrict xsi:nil="true" />
  <SchoolDistrictLocalId xsi:nil="true" />
  <SchoolFocusList xsi:nil="true" />
  <SchoolURL xsi:nil="true" />
  <SchoolEmailList xsi:nil="true" />
  <PrincipalInfo xsi:nil="true" />
  <SchoolContactList xsi:nil="true" />
  <AddressList>
    <Address Type="0123" Role="012A">
      <StateProvince />
      <GridLocation xsi:nil="true" />
      <MapReference xsi:nil="true" />
      <RadioContact xsi:nil="true" />
      <Community xsi:nil="true" />
      <LocalId xsi:nil="true" />
      <AddressGlobalUID xsi:nil="true" />
      <StatisticalAreas xsi:nil="true" />
    </Address>
  </AddressList>
  <PhoneNumberList xsi:nil="true" />
  <YearLevels xsi:nil="true" />
  <Campus xsi:nil="true" />
  <SchoolSector>NG</SchoolSector>
  <LocalGovernmentArea xsi:nil="true" />
  <JurisdictionLowerHouse xsi:nil="true" />
  <YearLevelEnrollmentList xsi:nil="true" />
  <TotalEnrollments xsi:nil="true" />
  <SchoolGroupList xsi:nil="true" />
  <SIF_Metadata xsi:nil="true" />
  <SIF_ExtendedElements xsi:nil="true" />
</SchoolInfo>

  <SchoolInfo xmlns:xsd="http://www.w3.org/2001/XMLSchema" xmlns:xsi="http://www.w3.org/2001/XMLSchema-instance" RefId="5b1a60d5-b2b0-4603-8791-0dfa18269e1c" xmlns="http://www.sifassociation.org/datamodel/au/3.4">
  <LocalId>x72868</LocalId>
  <StateProvinceId xsi:nil="true" />
  <CommonwealthId xsi:nil="true" />
  <ACARAId>21220</ACARAId>
  <OtherIdList xsi:nil="true" />
  <SchoolName>Tuart Secondary College</SchoolName>
  <LEAInfoRefId xsi:nil="true" />
  <OtherLEA xsi:nil="true" />
  <SchoolDistrict xsi:nil="true" />
  <SchoolDistrictLocalId xsi:nil="true" />
  <SchoolFocusList xsi:nil="true" />
  <SchoolURL xsi:nil="true" />
  <SchoolEmailList xsi:nil="true" />
  <PrincipalInfo xsi:nil="true" />
  <SchoolContactList xsi:nil="true" />
  <AddressList>
    <Address Type="0123" Role="012A">
      <StateProvince />
      <GridLocation xsi:nil="true" />
      <MapReference xsi:nil="true" />
      <RadioContact xsi:nil="true" />
      <Community xsi:nil="true" />
      <LocalId xsi:nil="true" />
      <AddressGlobalUID xsi:nil="true" />
      <StatisticalAreas xsi:nil="true" />
    </Address>
  </AddressList>
  <PhoneNumberList xsi:nil="true" />
  <YearLevels xsi:nil="true" />
  <Campus xsi:nil="true" />
  <SchoolSector>NG</SchoolSector>
  <LocalGovernmentArea xsi:nil="true" />
  <JurisdictionLowerHouse xsi:nil="true" />
  <YearLevelEnrollmentList xsi:nil="true" />
  <TotalEnrollments xsi:nil="true" />
  <SchoolGroupList xsi:nil="true" />
  <SIF_Metadata xsi:nil="true" />
  <SIF_ExtendedElements xsi:nil="true" />
</SchoolInfo>

  <SchoolInfo xmlns:xsd="http://www.w3.org/2001/XMLSchema" xmlns:xsi="http://www.w3.org/2001/XMLSchema-instance" RefId="0bb5dfc0-0aa1-46ca-9533-a7af9eb02b65" xmlns="http://www.sifassociation.org/datamodel/au/3.4">
  <LocalId>x72869</LocalId>
  <StateProvinceId xsi:nil="true" />
  <CommonwealthId xsi:nil="true" />
  <ACARAId>21221</ACARAId>
  <OtherIdList xsi:nil="true" />
  <SchoolName>Unmetaled Secondary College</SchoolName>
  <LEAInfoRefId xsi:nil="true" />
  <OtherLEA xsi:nil="true" />
  <SchoolDistrict xsi:nil="true" />
  <SchoolDistrictLocalId xsi:nil="true" />
  <SchoolFocusList xsi:nil="true" />
  <SchoolURL xsi:nil="true" />
  <SchoolEmailList xsi:nil="true" />
  <PrincipalInfo xsi:nil="true" />
  <SchoolContactList xsi:nil="true" />
  <AddressList>
    <Address Type="0123" Role="012A">
      <StateProvince />
      <GridLocation xsi:nil="true" />
      <MapReference xsi:nil="true" />
      <RadioContact xsi:nil="true" />
      <Community xsi:nil="true" />
      <LocalId xsi:nil="true" />
      <AddressGlobalUID xsi:nil="true" />
      <StatisticalAreas xsi:nil="true" />
    </Address>
  </AddressList>
  <PhoneNumberList xsi:nil="true" />
  <YearLevels xsi:nil="true" />
  <Campus xsi:nil="true" />
  <SchoolSector>NG</SchoolSector>
  <LocalGovernmentArea xsi:nil="true" />
  <JurisdictionLowerHouse xsi:nil="true" />
  <YearLevelEnrollmentList xsi:nil="true" />
  <TotalEnrollments xsi:nil="true" />
  <SchoolGroupList xsi:nil="true" />
  <SIF_Metadata xsi:nil="true" />
  <SIF_ExtendedElements xsi:nil="true" />
</SchoolInfo>
