<NAPResultsReporting xmlns="http://www.sifassociation.org/datamodel/au/3.4">

<SchoolInfo xmlns:xsd="http://www.w3.org/2001/XMLSchema" xmlns:xsi="http://www.w3.org/2001/XMLSchema-instance" RefId="8814e514-9190-48bc-9220-aee1d93a8901" xmlns="http://www.sifassociation.org/datamodel/au/3.4">
  <LocalId>x72860</LocalId>
  <StateProvinceId xsi:nil="true" />
  <CommonwealthId xsi:nil="true" />
  <ACARAId>21212</ACARAId>
  <OtherIdList xsi:nil="true" />
  <SchoolName>Aeolina Combined College</SchoolName>
  <LEAInfoRefId xsi:nil="true" />
  <SchoolDistrict xsi:nil="true" />
  <SchoolDistrictLocalId xsi:nil="true" />
  <SchoolFocusList xsi:nil="true" />
  <SchoolURL xsi:nil="true" />
  <SchoolEmailList xsi:nil="true" />
  <PrincipalInfo xsi:nil="true" />
  <SchoolContactList xsi:nil="true" />
    <AddressList>
    <Address Type="0123" Role="012A">
      <StateProvince>OS</StateProvince>
      <GridLocation xsi:nil="true" />
      <RadioContact xsi:nil="true" />
      <Community xsi:nil="true" />
      <LocalId xsi:nil="true" />
      <AddressGlobalUID xsi:nil="true" />
      <StatisticalAreas xsi:nil="true" />
    </Address>
  </AddressList>
  <PhoneNumberList xsi:nil="true" />
  <YearLevels xsi:nil="true" />
  <Campus xsi:nil="true" />
  <SchoolSector>NG</SchoolSector>
  <SchoolGeographicLocation>15</SchoolGeographicLocation>
  <LocalGovernmentArea xsi:nil="true" />
  <JurisdictionLowerHouse xsi:nil="true" />
  <YearLevelEnrollmentList xsi:nil="true" />
  <TotalEnrollments xsi:nil="true" />
  <SchoolGroupList xsi:nil="true" />
  <SIF_Metadata xsi:nil="true" />
  <SIF_ExtendedElements xsi:nil="true" />
</SchoolInfo>

<SchoolInfo xmlns:xsd="http://www.w3.org/2001/XMLSchema" xmlns:xsi="http://www.w3.org/2001/XMLSchema-instance" RefId="6dcf99e0-5a0a-42f6-b9c5-a2570a6f014e" xmlns="http://www.sifassociation.org/datamodel/au/3.4">
  <LocalId>x72861</LocalId>
  <StateProvinceId xsi:nil="true" />
  <CommonwealthId xsi:nil="true" />
  <ACARAId>21213</ACARAId>
  <OtherIdList xsi:nil="true" />
  <SchoolName>Antiphony Secondary College</SchoolName>
  <LEAInfoRefId xsi:nil="true" />
  <SchoolDistrict xsi:nil="true" />
  <SchoolDistrictLocalId xsi:nil="true" />
  <SchoolFocusList xsi:nil="true" />
  <SchoolURL xsi:nil="true" />
  <SchoolEmailList xsi:nil="true" />
  <PrincipalInfo xsi:nil="true" />
  <SchoolContactList xsi:nil="true" />
    <AddressList>
    <Address Type="0123" Role="012A">
      <StateProvince>OS</StateProvince>
      <GridLocation xsi:nil="true" />
      <RadioContact xsi:nil="true" />
      <Community xsi:nil="true" />
      <LocalId xsi:nil="true" />
      <AddressGlobalUID xsi:nil="true" />
      <StatisticalAreas xsi:nil="true" />
    </Address>
  </AddressList>
  <PhoneNumberList xsi:nil="true" />
  <YearLevels xsi:nil="true" />
  <Campus xsi:nil="true" />
  <SchoolSector>NG</SchoolSector>
  <SchoolGeographicLocation>15</SchoolGeographicLocation>
  <LocalGovernmentArea xsi:nil="true" />
  <JurisdictionLowerHouse xsi:nil="true" />
  <YearLevelEnrollmentList xsi:nil="true" />
  <TotalEnrollments xsi:nil="true" />
  <SchoolGroupList xsi:nil="true" />
  <SIF_Metadata xsi:nil="true" />
  <SIF_ExtendedElements xsi:nil="true" />
</SchoolInfo>

<SchoolInfo xmlns:xsd="http://www.w3.org/2001/XMLSchema" xmlns:xsi="http://www.w3.org/2001/XMLSchema-instance" RefId="20ce7c91-ecc8-43a9-b8a2-3b4f330078e2" xmlns="http://www.sifassociation.org/datamodel/au/3.4">
  <LocalId>x72862</LocalId>
  <StateProvinceId xsi:nil="true" />
  <CommonwealthId xsi:nil="true" />
  <ACARAId>21214</ACARAId>
  <OtherIdList xsi:nil="true" />
  <SchoolName>Attargul Primary College</SchoolName>
  <LEAInfoRefId xsi:nil="true" />
  <SchoolDistrict xsi:nil="true" />
  <SchoolDistrictLocalId xsi:nil="true" />
  <SchoolFocusList xsi:nil="true" />
  <SchoolURL xsi:nil="true" />
  <SchoolEmailList xsi:nil="true" />
  <PrincipalInfo xsi:nil="true" />
  <SchoolContactList xsi:nil="true" />
    <AddressList>
    <Address Type="0123" Role="012A">
      <StateProvince>OS</StateProvince>
      <GridLocation xsi:nil="true" />
      <RadioContact xsi:nil="true" />
      <Community xsi:nil="true" />
      <LocalId xsi:nil="true" />
      <AddressGlobalUID xsi:nil="true" />
      <StatisticalAreas xsi:nil="true" />
    </Address>
  </AddressList>
  <PhoneNumberList xsi:nil="true" />
  <YearLevels xsi:nil="true" />
  <Campus xsi:nil="true" />
  <SchoolSector>NG</SchoolSector>
  <SchoolGeographicLocation>15</SchoolGeographicLocation>
  <LocalGovernmentArea xsi:nil="true" />
  <JurisdictionLowerHouse xsi:nil="true" />
  <YearLevelEnrollmentList xsi:nil="true" />
  <TotalEnrollments xsi:nil="true" />
  <SchoolGroupList xsi:nil="true" />
  <SIF_Metadata xsi:nil="true" />
  <SIF_ExtendedElements xsi:nil="true" />
</SchoolInfo>

<SchoolInfo xmlns:xsd="http://www.w3.org/2001/XMLSchema" xmlns:xsi="http://www.w3.org/2001/XMLSchema-instance" RefId="1ee72e24-9519-467f-920d-93e7d4d18a0e" xmlns="http://www.sifassociation.org/datamodel/au/3.4">
  <LocalId>x72863</LocalId>
  <StateProvinceId xsi:nil="true" />
  <CommonwealthId xsi:nil="true" />
  <ACARAId>21215</ACARAId>
  <OtherIdList xsi:nil="true" />
  <SchoolName>Auriculotemporal Combined College</SchoolName>
  <LEAInfoRefId xsi:nil="true" />
  <SchoolDistrict xsi:nil="true" />
  <SchoolDistrictLocalId xsi:nil="true" />
  <SchoolFocusList xsi:nil="true" />
  <SchoolURL xsi:nil="true" />
  <SchoolEmailList xsi:nil="true" />
  <PrincipalInfo xsi:nil="true" />
  <SchoolContactList xsi:nil="true" />
    <AddressList>
    <Address Type="0123" Role="012A">
      <StateProvince>OS</StateProvince>
      <GridLocation xsi:nil="true" />
      <RadioContact xsi:nil="true" />
      <Community xsi:nil="true" />
      <LocalId xsi:nil="true" />
      <AddressGlobalUID xsi:nil="true" />
      <StatisticalAreas xsi:nil="true" />
    </Address>
  </AddressList>
  <PhoneNumberList xsi:nil="true" />
  <YearLevels xsi:nil="true" />
  <Campus xsi:nil="true" />
  <SchoolSector>NG</SchoolSector>
  <SchoolGeographicLocation>15</SchoolGeographicLocation>
  <LocalGovernmentArea xsi:nil="true" />
  <JurisdictionLowerHouse xsi:nil="true" />
  <YearLevelEnrollmentList xsi:nil="true" />
  <TotalEnrollments xsi:nil="true" />
  <SchoolGroupList xsi:nil="true" />
  <SIF_Metadata xsi:nil="true" />
  <SIF_ExtendedElements xsi:nil="true" />
</SchoolInfo>

<SchoolInfo xmlns:xsd="http://www.w3.org/2001/XMLSchema" xmlns:xsi="http://www.w3.org/2001/XMLSchema-instance" RefId="e8efb74e-150f-412b-8933-694573d4d86a" xmlns="http://www.sifassociation.org/datamodel/au/3.4">
  <LocalId>x72864</LocalId>
  <StateProvinceId xsi:nil="true" />
  <CommonwealthId xsi:nil="true" />
  <ACARAId>21216</ACARAId>
  <OtherIdList xsi:nil="true" />
  <SchoolName>Caddice Primary College</SchoolName>
  <LEAInfoRefId xsi:nil="true" />
  <SchoolDistrict xsi:nil="true" />
  <SchoolDistrictLocalId xsi:nil="true" />
  <SchoolFocusList xsi:nil="true" />
  <SchoolURL xsi:nil="true" />
  <SchoolEmailList xsi:nil="true" />
  <PrincipalInfo xsi:nil="true" />
  <SchoolContactList xsi:nil="true" />
    <AddressList>
    <Address Type="0123" Role="012A">
      <StateProvince>OS</StateProvince>
      <GridLocation xsi:nil="true" />
      <RadioContact xsi:nil="true" />
      <Community xsi:nil="true" />
      <LocalId xsi:nil="true" />
      <AddressGlobalUID xsi:nil="true" />
      <StatisticalAreas xsi:nil="true" />
    </Address>
  </AddressList>
  <PhoneNumberList xsi:nil="true" />
  <YearLevels xsi:nil="true" />
  <Campus xsi:nil="true" />
  <SchoolSector>NG</SchoolSector>
  <SchoolGeographicLocation>15</SchoolGeographicLocation>
  <LocalGovernmentArea xsi:nil="true" />
  <JurisdictionLowerHouse xsi:nil="true" />
  <YearLevelEnrollmentList xsi:nil="true" />
  <TotalEnrollments xsi:nil="true" />
  <SchoolGroupList xsi:nil="true" />
  <SIF_Metadata xsi:nil="true" />
  <SIF_ExtendedElements xsi:nil="true" />
</SchoolInfo>

<SchoolInfo xmlns:xsd="http://www.w3.org/2001/XMLSchema" xmlns:xsi="http://www.w3.org/2001/XMLSchema-instance" RefId="b10baeb9-f5df-4575-adc6-8ab5bb6123eb" xmlns="http://www.sifassociation.org/datamodel/au/3.4">
  <LocalId>x72865</LocalId>
  <StateProvinceId xsi:nil="true" />
  <CommonwealthId xsi:nil="true" />
  <ACARAId>21217</ACARAId>
  <OtherIdList xsi:nil="true" />
  <SchoolName>Caffeism Secondary College</SchoolName>
  <LEAInfoRefId xsi:nil="true" />
  <SchoolDistrict xsi:nil="true" />
  <SchoolDistrictLocalId xsi:nil="true" />
  <SchoolFocusList xsi:nil="true" />
  <SchoolURL xsi:nil="true" />
  <SchoolEmailList xsi:nil="true" />
  <PrincipalInfo xsi:nil="true" />
  <SchoolContactList xsi:nil="true" />
    <AddressList>
    <Address Type="0123" Role="012A">
      <StateProvince>OS</StateProvince>
      <GridLocation xsi:nil="true" />
      <RadioContact xsi:nil="true" />
      <Community xsi:nil="true" />
      <LocalId xsi:nil="true" />
      <AddressGlobalUID xsi:nil="true" />
      <StatisticalAreas xsi:nil="true" />
    </Address>
  </AddressList>
  <PhoneNumberList xsi:nil="true" />
  <YearLevels xsi:nil="true" />
  <Campus xsi:nil="true" />
  <SchoolSector>NG</SchoolSector>
  <SchoolGeographicLocation>15</SchoolGeographicLocation>
  <LocalGovernmentArea xsi:nil="true" />
  <JurisdictionLowerHouse xsi:nil="true" />
  <YearLevelEnrollmentList xsi:nil="true" />
  <TotalEnrollments xsi:nil="true" />
  <SchoolGroupList xsi:nil="true" />
  <SIF_Metadata xsi:nil="true" />
  <SIF_ExtendedElements xsi:nil="true" />
</SchoolInfo>

<SchoolInfo xmlns:xsd="http://www.w3.org/2001/XMLSchema" xmlns:xsi="http://www.w3.org/2001/XMLSchema-instance" RefId="065b534a-4fa4-4fb6-89b2-647bf60b761b" xmlns="http://www.sifassociation.org/datamodel/au/3.4">
  <LocalId>x72866</LocalId>
  <StateProvinceId xsi:nil="true" />
  <CommonwealthId xsi:nil="true" />
  <ACARAId>21218</ACARAId>
  <OtherIdList xsi:nil="true" />
  <SchoolName>Chirography Primary College</SchoolName>
  <LEAInfoRefId xsi:nil="true" />
  <SchoolDistrict xsi:nil="true" />
  <SchoolDistrictLocalId xsi:nil="true" />
  <SchoolFocusList xsi:nil="true" />
  <SchoolURL xsi:nil="true" />
  <SchoolEmailList xsi:nil="true" />
  <PrincipalInfo xsi:nil="true" />
  <SchoolContactList xsi:nil="true" />
    <AddressList>
    <Address Type="0123" Role="012A">
      <StateProvince>OS</StateProvince>
      <GridLocation xsi:nil="true" />
      <RadioContact xsi:nil="true" />
      <Community xsi:nil="true" />
      <LocalId xsi:nil="true" />
      <AddressGlobalUID xsi:nil="true" />
      <StatisticalAreas xsi:nil="true" />
    </Address>
  </AddressList>
  <PhoneNumberList xsi:nil="true" />
  <YearLevels xsi:nil="true" />
  <Campus xsi:nil="true" />
  <SchoolSector>NG</SchoolSector>
  <SchoolGeographicLocation>15</SchoolGeographicLocation>
  <LocalGovernmentArea xsi:nil="true" />
  <JurisdictionLowerHouse xsi:nil="true" />
  <YearLevelEnrollmentList xsi:nil="true" />
  <TotalEnrollments xsi:nil="true" />
  <SchoolGroupList xsi:nil="true" />
  <SIF_Metadata xsi:nil="true" />
  <SIF_ExtendedElements xsi:nil="true" />
</SchoolInfo>

<SchoolInfo xmlns:xsd="http://www.w3.org/2001/XMLSchema" xmlns:xsi="http://www.w3.org/2001/XMLSchema-instance" RefId="ee68ad0f-e680-4c6c-8e54-61e89f96fb21" xmlns="http://www.sifassociation.org/datamodel/au/3.4">
  <LocalId>x72867</LocalId>
  <StateProvinceId xsi:nil="true" />
  <CommonwealthId xsi:nil="true" />
  <ACARAId>21219</ACARAId>
  <OtherIdList xsi:nil="true" />
  <SchoolName>Chloride Primary College</SchoolName>
  <LEAInfoRefId xsi:nil="true" />
  <SchoolDistrict xsi:nil="true" />
  <SchoolDistrictLocalId xsi:nil="true" />
  <SchoolFocusList xsi:nil="true" />
  <SchoolURL xsi:nil="true" />
  <SchoolEmailList xsi:nil="true" />
  <PrincipalInfo xsi:nil="true" />
  <SchoolContactList xsi:nil="true" />
    <AddressList>
    <Address Type="0123" Role="012A">
      <StateProvince>OS</StateProvince>
      <GridLocation xsi:nil="true" />
      <RadioContact xsi:nil="true" />
      <Community xsi:nil="true" />
      <LocalId xsi:nil="true" />
      <AddressGlobalUID xsi:nil="true" />
      <StatisticalAreas xsi:nil="true" />
    </Address>
  </AddressList>
  <PhoneNumberList xsi:nil="true" />
  <YearLevels xsi:nil="true" />
  <Campus xsi:nil="true" />
  <SchoolSector>NG</SchoolSector>
  <SchoolGeographicLocation>15</SchoolGeographicLocation>
  <LocalGovernmentArea xsi:nil="true" />
  <JurisdictionLowerHouse xsi:nil="true" />
  <YearLevelEnrollmentList xsi:nil="true" />
  <TotalEnrollments xsi:nil="true" />
  <SchoolGroupList xsi:nil="true" />
  <SIF_Metadata xsi:nil="true" />
  <SIF_ExtendedElements xsi:nil="true" />
</SchoolInfo>

<SchoolInfo xmlns:xsd="http://www.w3.org/2001/XMLSchema" xmlns:xsi="http://www.w3.org/2001/XMLSchema-instance" RefId="56acb883-6af8-4ea8-be0b-1fa443587f31" xmlns="http://www.sifassociation.org/datamodel/au/3.4">
  <LocalId>x72868</LocalId>
  <StateProvinceId xsi:nil="true" />
  <CommonwealthId xsi:nil="true" />
  <ACARAId>21220</ACARAId>
  <OtherIdList xsi:nil="true" />
  <SchoolName>Chloritize Primary College</SchoolName>
  <LEAInfoRefId xsi:nil="true" />
  <SchoolDistrict xsi:nil="true" />
  <SchoolDistrictLocalId xsi:nil="true" />
  <SchoolFocusList xsi:nil="true" />
  <SchoolURL xsi:nil="true" />
  <SchoolEmailList xsi:nil="true" />
  <PrincipalInfo xsi:nil="true" />
  <SchoolContactList xsi:nil="true" />
    <AddressList>
    <Address Type="0123" Role="012A">
      <StateProvince>OS</StateProvince>
      <GridLocation xsi:nil="true" />
      <RadioContact xsi:nil="true" />
      <Community xsi:nil="true" />
      <LocalId xsi:nil="true" />
      <AddressGlobalUID xsi:nil="true" />
      <StatisticalAreas xsi:nil="true" />
    </Address>
  </AddressList>
  <PhoneNumberList xsi:nil="true" />
  <YearLevels xsi:nil="true" />
  <Campus xsi:nil="true" />
  <SchoolSector>NG</SchoolSector>
  <SchoolGeographicLocation>15</SchoolGeographicLocation>
  <LocalGovernmentArea xsi:nil="true" />
  <JurisdictionLowerHouse xsi:nil="true" />
  <YearLevelEnrollmentList xsi:nil="true" />
  <TotalEnrollments xsi:nil="true" />
  <SchoolGroupList xsi:nil="true" />
  <SIF_Metadata xsi:nil="true" />
  <SIF_ExtendedElements xsi:nil="true" />
</SchoolInfo>

<SchoolInfo xmlns:xsd="http://www.w3.org/2001/XMLSchema" xmlns:xsi="http://www.w3.org/2001/XMLSchema-instance" RefId="057ac91c-ea77-44fc-938c-a762da8d7d92" xmlns="http://www.sifassociation.org/datamodel/au/3.4">
  <LocalId>x72869</LocalId>
  <StateProvinceId xsi:nil="true" />
  <CommonwealthId xsi:nil="true" />
  <ACARAId>21221</ACARAId>
  <OtherIdList xsi:nil="true" />
  <SchoolName>Dentatosetaceous Primary College</SchoolName>
  <LEAInfoRefId xsi:nil="true" />
  <SchoolDistrict xsi:nil="true" />
  <SchoolDistrictLocalId xsi:nil="true" />
  <SchoolFocusList xsi:nil="true" />
  <SchoolURL xsi:nil="true" />
  <SchoolEmailList xsi:nil="true" />
  <PrincipalInfo xsi:nil="true" />
  <SchoolContactList xsi:nil="true" />
    <AddressList>
    <Address Type="0123" Role="012A">
      <StateProvince>OS</StateProvince>
      <GridLocation xsi:nil="true" />
      <RadioContact xsi:nil="true" />
      <Community xsi:nil="true" />
      <LocalId xsi:nil="true" />
      <AddressGlobalUID xsi:nil="true" />
      <StatisticalAreas xsi:nil="true" />
    </Address>
  </AddressList>
  <PhoneNumberList xsi:nil="true" />
  <YearLevels xsi:nil="true" />
  <Campus xsi:nil="true" />
  <SchoolSector>NG</SchoolSector>
  <SchoolGeographicLocation>15</SchoolGeographicLocation>
  <LocalGovernmentArea xsi:nil="true" />
  <JurisdictionLowerHouse xsi:nil="true" />
  <YearLevelEnrollmentList xsi:nil="true" />
  <TotalEnrollments xsi:nil="true" />
  <SchoolGroupList xsi:nil="true" />
  <SIF_Metadata xsi:nil="true" />
  <SIF_ExtendedElements xsi:nil="true" />
</SchoolInfo>

<SchoolInfo xmlns:xsd="http://www.w3.org/2001/XMLSchema" xmlns:xsi="http://www.w3.org/2001/XMLSchema-instance" RefId="938b4f14-9234-468a-81c8-9df577faa30d" xmlns="http://www.sifassociation.org/datamodel/au/3.4">
  <LocalId>x728610</LocalId>
  <StateProvinceId xsi:nil="true" />
  <CommonwealthId xsi:nil="true" />
  <ACARAId>21222</ACARAId>
  <OtherIdList xsi:nil="true" />
  <SchoolName>Despair Secondary College</SchoolName>
  <LEAInfoRefId xsi:nil="true" />
  <SchoolDistrict xsi:nil="true" />
  <SchoolDistrictLocalId xsi:nil="true" />
  <SchoolFocusList xsi:nil="true" />
  <SchoolURL xsi:nil="true" />
  <SchoolEmailList xsi:nil="true" />
  <PrincipalInfo xsi:nil="true" />
  <SchoolContactList xsi:nil="true" />
    <AddressList>
    <Address Type="0123" Role="012A">
      <StateProvince>OS</StateProvince>
      <GridLocation xsi:nil="true" />
      <RadioContact xsi:nil="true" />
      <Community xsi:nil="true" />
      <LocalId xsi:nil="true" />
      <AddressGlobalUID xsi:nil="true" />
      <StatisticalAreas xsi:nil="true" />
    </Address>
  </AddressList>
  <PhoneNumberList xsi:nil="true" />
  <YearLevels xsi:nil="true" />
  <Campus xsi:nil="true" />
  <SchoolSector>NG</SchoolSector>
  <SchoolGeographicLocation>15</SchoolGeographicLocation>
  <LocalGovernmentArea xsi:nil="true" />
  <JurisdictionLowerHouse xsi:nil="true" />
  <YearLevelEnrollmentList xsi:nil="true" />
  <TotalEnrollments xsi:nil="true" />
  <SchoolGroupList xsi:nil="true" />
  <SIF_Metadata xsi:nil="true" />
  <SIF_ExtendedElements xsi:nil="true" />
</SchoolInfo>

<SchoolInfo xmlns:xsd="http://www.w3.org/2001/XMLSchema" xmlns:xsi="http://www.w3.org/2001/XMLSchema-instance" RefId="8bfc0504-cd8d-4189-8562-23345c8a65b4" xmlns="http://www.sifassociation.org/datamodel/au/3.4">
  <LocalId>x728611</LocalId>
  <StateProvinceId xsi:nil="true" />
  <CommonwealthId xsi:nil="true" />
  <ACARAId>21223</ACARAId>
  <OtherIdList xsi:nil="true" />
  <SchoolName>Discard Primary College</SchoolName>
  <LEAInfoRefId xsi:nil="true" />
  <SchoolDistrict xsi:nil="true" />
  <SchoolDistrictLocalId xsi:nil="true" />
  <SchoolFocusList xsi:nil="true" />
  <SchoolURL xsi:nil="true" />
  <SchoolEmailList xsi:nil="true" />
  <PrincipalInfo xsi:nil="true" />
  <SchoolContactList xsi:nil="true" />
    <AddressList>
    <Address Type="0123" Role="012A">
      <StateProvince>OS</StateProvince>
      <GridLocation xsi:nil="true" />
      <RadioContact xsi:nil="true" />
      <Community xsi:nil="true" />
      <LocalId xsi:nil="true" />
      <AddressGlobalUID xsi:nil="true" />
      <StatisticalAreas xsi:nil="true" />
    </Address>
  </AddressList>
  <PhoneNumberList xsi:nil="true" />
  <YearLevels xsi:nil="true" />
  <Campus xsi:nil="true" />
  <SchoolSector>NG</SchoolSector>
  <SchoolGeographicLocation>15</SchoolGeographicLocation>
  <LocalGovernmentArea xsi:nil="true" />
  <JurisdictionLowerHouse xsi:nil="true" />
  <YearLevelEnrollmentList xsi:nil="true" />
  <TotalEnrollments xsi:nil="true" />
  <SchoolGroupList xsi:nil="true" />
  <SIF_Metadata xsi:nil="true" />
  <SIF_ExtendedElements xsi:nil="true" />
</SchoolInfo>

<SchoolInfo xmlns:xsd="http://www.w3.org/2001/XMLSchema" xmlns:xsi="http://www.w3.org/2001/XMLSchema-instance" RefId="52d75415-dba7-4da5-85e8-f25aec6837ba" xmlns="http://www.sifassociation.org/datamodel/au/3.4">
  <LocalId>x728612</LocalId>
  <StateProvinceId xsi:nil="true" />
  <CommonwealthId xsi:nil="true" />
  <ACARAId>21224</ACARAId>
  <OtherIdList xsi:nil="true" />
  <SchoolName>Doubly Primary College</SchoolName>
  <LEAInfoRefId xsi:nil="true" />
  <SchoolDistrict xsi:nil="true" />
  <SchoolDistrictLocalId xsi:nil="true" />
  <SchoolFocusList xsi:nil="true" />
  <SchoolURL xsi:nil="true" />
  <SchoolEmailList xsi:nil="true" />
  <PrincipalInfo xsi:nil="true" />
  <SchoolContactList xsi:nil="true" />
    <AddressList>
    <Address Type="0123" Role="012A">
      <StateProvince>OS</StateProvince>
      <GridLocation xsi:nil="true" />
      <RadioContact xsi:nil="true" />
      <Community xsi:nil="true" />
      <LocalId xsi:nil="true" />
      <AddressGlobalUID xsi:nil="true" />
      <StatisticalAreas xsi:nil="true" />
    </Address>
  </AddressList>
  <PhoneNumberList xsi:nil="true" />
  <YearLevels xsi:nil="true" />
  <Campus xsi:nil="true" />
  <SchoolSector>NG</SchoolSector>
  <SchoolGeographicLocation>15</SchoolGeographicLocation>
  <LocalGovernmentArea xsi:nil="true" />
  <JurisdictionLowerHouse xsi:nil="true" />
  <YearLevelEnrollmentList xsi:nil="true" />
  <TotalEnrollments xsi:nil="true" />
  <SchoolGroupList xsi:nil="true" />
  <SIF_Metadata xsi:nil="true" />
  <SIF_ExtendedElements xsi:nil="true" />
</SchoolInfo>

<SchoolInfo xmlns:xsd="http://www.w3.org/2001/XMLSchema" xmlns:xsi="http://www.w3.org/2001/XMLSchema-instance" RefId="fbb36d2a-70f8-4d33-8176-ae7174b1a644" xmlns="http://www.sifassociation.org/datamodel/au/3.4">
  <LocalId>x728613</LocalId>
  <StateProvinceId xsi:nil="true" />
  <CommonwealthId xsi:nil="true" />
  <ACARAId>21225</ACARAId>
  <OtherIdList xsi:nil="true" />
  <SchoolName>Endameba Secondary College</SchoolName>
  <LEAInfoRefId xsi:nil="true" />
  <SchoolDistrict xsi:nil="true" />
  <SchoolDistrictLocalId xsi:nil="true" />
  <SchoolFocusList xsi:nil="true" />
  <SchoolURL xsi:nil="true" />
  <SchoolEmailList xsi:nil="true" />
  <PrincipalInfo xsi:nil="true" />
  <SchoolContactList xsi:nil="true" />
    <AddressList>
    <Address Type="0123" Role="012A">
      <StateProvince>OS</StateProvince>
      <GridLocation xsi:nil="true" />
      <RadioContact xsi:nil="true" />
      <Community xsi:nil="true" />
      <LocalId xsi:nil="true" />
      <AddressGlobalUID xsi:nil="true" />
      <StatisticalAreas xsi:nil="true" />
    </Address>
  </AddressList>
  <PhoneNumberList xsi:nil="true" />
  <YearLevels xsi:nil="true" />
  <Campus xsi:nil="true" />
  <SchoolSector>NG</SchoolSector>
  <SchoolGeographicLocation>15</SchoolGeographicLocation>
  <LocalGovernmentArea xsi:nil="true" />
  <JurisdictionLowerHouse xsi:nil="true" />
  <YearLevelEnrollmentList xsi:nil="true" />
  <TotalEnrollments xsi:nil="true" />
  <SchoolGroupList xsi:nil="true" />
  <SIF_Metadata xsi:nil="true" />
  <SIF_ExtendedElements xsi:nil="true" />
</SchoolInfo>

<SchoolInfo xmlns:xsd="http://www.w3.org/2001/XMLSchema" xmlns:xsi="http://www.w3.org/2001/XMLSchema-instance" RefId="30d21b8a-1238-443a-8634-0ff0fe4a6d5a" xmlns="http://www.sifassociation.org/datamodel/au/3.4">
  <LocalId>x728614</LocalId>
  <StateProvinceId xsi:nil="true" />
  <CommonwealthId xsi:nil="true" />
  <ACARAId>21226</ACARAId>
  <OtherIdList xsi:nil="true" />
  <SchoolName>Folder Primary College</SchoolName>
  <LEAInfoRefId xsi:nil="true" />
  <SchoolDistrict xsi:nil="true" />
  <SchoolDistrictLocalId xsi:nil="true" />
  <SchoolFocusList xsi:nil="true" />
  <SchoolURL xsi:nil="true" />
  <SchoolEmailList xsi:nil="true" />
  <PrincipalInfo xsi:nil="true" />
  <SchoolContactList xsi:nil="true" />
    <AddressList>
    <Address Type="0123" Role="012A">
      <StateProvince>OS</StateProvince>
      <GridLocation xsi:nil="true" />
      <RadioContact xsi:nil="true" />
      <Community xsi:nil="true" />
      <LocalId xsi:nil="true" />
      <AddressGlobalUID xsi:nil="true" />
      <StatisticalAreas xsi:nil="true" />
    </Address>
  </AddressList>
  <PhoneNumberList xsi:nil="true" />
  <YearLevels xsi:nil="true" />
  <Campus xsi:nil="true" />
  <SchoolSector>NG</SchoolSector>
  <SchoolGeographicLocation>15</SchoolGeographicLocation>
  <LocalGovernmentArea xsi:nil="true" />
  <JurisdictionLowerHouse xsi:nil="true" />
  <YearLevelEnrollmentList xsi:nil="true" />
  <TotalEnrollments xsi:nil="true" />
  <SchoolGroupList xsi:nil="true" />
  <SIF_Metadata xsi:nil="true" />
  <SIF_ExtendedElements xsi:nil="true" />
</SchoolInfo>

<SchoolInfo xmlns:xsd="http://www.w3.org/2001/XMLSchema" xmlns:xsi="http://www.w3.org/2001/XMLSchema-instance" RefId="f641cffe-36f7-4f6e-801b-56057c0a5f66" xmlns="http://www.sifassociation.org/datamodel/au/3.4">
  <LocalId>x728615</LocalId>
  <StateProvinceId xsi:nil="true" />
  <CommonwealthId xsi:nil="true" />
  <ACARAId>21227</ACARAId>
  <OtherIdList xsi:nil="true" />
  <SchoolName>Hoppity Primary College</SchoolName>
  <LEAInfoRefId xsi:nil="true" />
  <SchoolDistrict xsi:nil="true" />
  <SchoolDistrictLocalId xsi:nil="true" />
  <SchoolFocusList xsi:nil="true" />
  <SchoolURL xsi:nil="true" />
  <SchoolEmailList xsi:nil="true" />
  <PrincipalInfo xsi:nil="true" />
  <SchoolContactList xsi:nil="true" />
    <AddressList>
    <Address Type="0123" Role="012A">
      <StateProvince>OS</StateProvince>
      <GridLocation xsi:nil="true" />
      <RadioContact xsi:nil="true" />
      <Community xsi:nil="true" />
      <LocalId xsi:nil="true" />
      <AddressGlobalUID xsi:nil="true" />
      <StatisticalAreas xsi:nil="true" />
    </Address>
  </AddressList>
  <PhoneNumberList xsi:nil="true" />
  <YearLevels xsi:nil="true" />
  <Campus xsi:nil="true" />
  <SchoolSector>NG</SchoolSector>
  <SchoolGeographicLocation>15</SchoolGeographicLocation>
  <LocalGovernmentArea xsi:nil="true" />
  <JurisdictionLowerHouse xsi:nil="true" />
  <YearLevelEnrollmentList xsi:nil="true" />
  <TotalEnrollments xsi:nil="true" />
  <SchoolGroupList xsi:nil="true" />
  <SIF_Metadata xsi:nil="true" />
  <SIF_ExtendedElements xsi:nil="true" />
</SchoolInfo>

<SchoolInfo xmlns:xsd="http://www.w3.org/2001/XMLSchema" xmlns:xsi="http://www.w3.org/2001/XMLSchema-instance" RefId="65189a80-6aaa-4aa5-baa9-20cb867de76e" xmlns="http://www.sifassociation.org/datamodel/au/3.4">
  <LocalId>x728616</LocalId>
  <StateProvinceId xsi:nil="true" />
  <CommonwealthId xsi:nil="true" />
  <ACARAId>21228</ACARAId>
  <OtherIdList xsi:nil="true" />
  <SchoolName>Inrush Combined College</SchoolName>
  <LEAInfoRefId xsi:nil="true" />
  <SchoolDistrict xsi:nil="true" />
  <SchoolDistrictLocalId xsi:nil="true" />
  <SchoolFocusList xsi:nil="true" />
  <SchoolURL xsi:nil="true" />
  <SchoolEmailList xsi:nil="true" />
  <PrincipalInfo xsi:nil="true" />
  <SchoolContactList xsi:nil="true" />
    <AddressList>
    <Address Type="0123" Role="012A">
      <StateProvince>OS</StateProvince>
      <GridLocation xsi:nil="true" />
      <RadioContact xsi:nil="true" />
      <Community xsi:nil="true" />
      <LocalId xsi:nil="true" />
      <AddressGlobalUID xsi:nil="true" />
      <StatisticalAreas xsi:nil="true" />
    </Address>
  </AddressList>
  <PhoneNumberList xsi:nil="true" />
  <YearLevels xsi:nil="true" />
  <Campus xsi:nil="true" />
  <SchoolSector>NG</SchoolSector>
  <SchoolGeographicLocation>15</SchoolGeographicLocation>
  <LocalGovernmentArea xsi:nil="true" />
  <JurisdictionLowerHouse xsi:nil="true" />
  <YearLevelEnrollmentList xsi:nil="true" />
  <TotalEnrollments xsi:nil="true" />
  <SchoolGroupList xsi:nil="true" />
  <SIF_Metadata xsi:nil="true" />
  <SIF_ExtendedElements xsi:nil="true" />
</SchoolInfo>

<SchoolInfo xmlns:xsd="http://www.w3.org/2001/XMLSchema" xmlns:xsi="http://www.w3.org/2001/XMLSchema-instance" RefId="be4950c2-8793-4198-aad8-2f22c40222a9" xmlns="http://www.sifassociation.org/datamodel/au/3.4">
  <LocalId>x728617</LocalId>
  <StateProvinceId xsi:nil="true" />
  <CommonwealthId xsi:nil="true" />
  <ACARAId>21229</ACARAId>
  <OtherIdList xsi:nil="true" />
  <SchoolName>Interseminal Secondary College</SchoolName>
  <LEAInfoRefId xsi:nil="true" />
  <SchoolDistrict xsi:nil="true" />
  <SchoolDistrictLocalId xsi:nil="true" />
  <SchoolFocusList xsi:nil="true" />
  <SchoolURL xsi:nil="true" />
  <SchoolEmailList xsi:nil="true" />
  <PrincipalInfo xsi:nil="true" />
  <SchoolContactList xsi:nil="true" />
    <AddressList>
    <Address Type="0123" Role="012A">
      <StateProvince>OS</StateProvince>
      <GridLocation xsi:nil="true" />
      <RadioContact xsi:nil="true" />
      <Community xsi:nil="true" />
      <LocalId xsi:nil="true" />
      <AddressGlobalUID xsi:nil="true" />
      <StatisticalAreas xsi:nil="true" />
    </Address>
  </AddressList>
  <PhoneNumberList xsi:nil="true" />
  <YearLevels xsi:nil="true" />
  <Campus xsi:nil="true" />
  <SchoolSector>NG</SchoolSector>
  <SchoolGeographicLocation>15</SchoolGeographicLocation>
  <LocalGovernmentArea xsi:nil="true" />
  <JurisdictionLowerHouse xsi:nil="true" />
  <YearLevelEnrollmentList xsi:nil="true" />
  <TotalEnrollments xsi:nil="true" />
  <SchoolGroupList xsi:nil="true" />
  <SIF_Metadata xsi:nil="true" />
  <SIF_ExtendedElements xsi:nil="true" />
</SchoolInfo>

<SchoolInfo xmlns:xsd="http://www.w3.org/2001/XMLSchema" xmlns:xsi="http://www.w3.org/2001/XMLSchema-instance" RefId="45408848-6108-48c0-ae04-dab64d638436" xmlns="http://www.sifassociation.org/datamodel/au/3.4">
  <LocalId>x728618</LocalId>
  <StateProvinceId xsi:nil="true" />
  <CommonwealthId xsi:nil="true" />
  <ACARAId>21230</ACARAId>
  <OtherIdList xsi:nil="true" />
  <SchoolName>Jacket Combined College</SchoolName>
  <LEAInfoRefId xsi:nil="true" />
  <SchoolDistrict xsi:nil="true" />
  <SchoolDistrictLocalId xsi:nil="true" />
  <SchoolFocusList xsi:nil="true" />
  <SchoolURL xsi:nil="true" />
  <SchoolEmailList xsi:nil="true" />
  <PrincipalInfo xsi:nil="true" />
  <SchoolContactList xsi:nil="true" />
    <AddressList>
    <Address Type="0123" Role="012A">
      <StateProvince>OS</StateProvince>
      <GridLocation xsi:nil="true" />
      <RadioContact xsi:nil="true" />
      <Community xsi:nil="true" />
      <LocalId xsi:nil="true" />
      <AddressGlobalUID xsi:nil="true" />
      <StatisticalAreas xsi:nil="true" />
    </Address>
  </AddressList>
  <PhoneNumberList xsi:nil="true" />
  <YearLevels xsi:nil="true" />
  <Campus xsi:nil="true" />
  <SchoolSector>NG</SchoolSector>
  <SchoolGeographicLocation>15</SchoolGeographicLocation>
  <LocalGovernmentArea xsi:nil="true" />
  <JurisdictionLowerHouse xsi:nil="true" />
  <YearLevelEnrollmentList xsi:nil="true" />
  <TotalEnrollments xsi:nil="true" />
  <SchoolGroupList xsi:nil="true" />
  <SIF_Metadata xsi:nil="true" />
  <SIF_ExtendedElements xsi:nil="true" />
</SchoolInfo>

<SchoolInfo xmlns:xsd="http://www.w3.org/2001/XMLSchema" xmlns:xsi="http://www.w3.org/2001/XMLSchema-instance" RefId="baa48178-684e-4a9e-970c-c8defbdad662" xmlns="http://www.sifassociation.org/datamodel/au/3.4">
  <LocalId>x728619</LocalId>
  <StateProvinceId xsi:nil="true" />
  <CommonwealthId xsi:nil="true" />
  <ACARAId>21231</ACARAId>
  <OtherIdList xsi:nil="true" />
  <SchoolName>Joceline Combined College</SchoolName>
  <LEAInfoRefId xsi:nil="true" />
  <SchoolDistrict xsi:nil="true" />
  <SchoolDistrictLocalId xsi:nil="true" />
  <SchoolFocusList xsi:nil="true" />
  <SchoolURL xsi:nil="true" />
  <SchoolEmailList xsi:nil="true" />
  <PrincipalInfo xsi:nil="true" />
  <SchoolContactList xsi:nil="true" />
    <AddressList>
    <Address Type="0123" Role="012A">
      <StateProvince>OS</StateProvince>
      <GridLocation xsi:nil="true" />
      <RadioContact xsi:nil="true" />
      <Community xsi:nil="true" />
      <LocalId xsi:nil="true" />
      <AddressGlobalUID xsi:nil="true" />
      <StatisticalAreas xsi:nil="true" />
    </Address>
  </AddressList>
  <PhoneNumberList xsi:nil="true" />
  <YearLevels xsi:nil="true" />
  <Campus xsi:nil="true" />
  <SchoolSector>NG</SchoolSector>
  <SchoolGeographicLocation>15</SchoolGeographicLocation>
  <LocalGovernmentArea xsi:nil="true" />
  <JurisdictionLowerHouse xsi:nil="true" />
  <YearLevelEnrollmentList xsi:nil="true" />
  <TotalEnrollments xsi:nil="true" />
  <SchoolGroupList xsi:nil="true" />
  <SIF_Metadata xsi:nil="true" />
  <SIF_ExtendedElements xsi:nil="true" />
</SchoolInfo>

<SchoolInfo xmlns:xsd="http://www.w3.org/2001/XMLSchema" xmlns:xsi="http://www.w3.org/2001/XMLSchema-instance" RefId="176ce636-ca99-4f13-96e5-014e9ccff6a6" xmlns="http://www.sifassociation.org/datamodel/au/3.4">
  <LocalId>x728620</LocalId>
  <StateProvinceId xsi:nil="true" />
  <CommonwealthId xsi:nil="true" />
  <ACARAId>21232</ACARAId>
  <OtherIdList xsi:nil="true" />
  <SchoolName>Matta Secondary College</SchoolName>
  <LEAInfoRefId xsi:nil="true" />
  <SchoolDistrict xsi:nil="true" />
  <SchoolDistrictLocalId xsi:nil="true" />
  <SchoolFocusList xsi:nil="true" />
  <SchoolURL xsi:nil="true" />
  <SchoolEmailList xsi:nil="true" />
  <PrincipalInfo xsi:nil="true" />
  <SchoolContactList xsi:nil="true" />
    <AddressList>
    <Address Type="0123" Role="012A">
      <StateProvince>OS</StateProvince>
      <GridLocation xsi:nil="true" />
      <RadioContact xsi:nil="true" />
      <Community xsi:nil="true" />
      <LocalId xsi:nil="true" />
      <AddressGlobalUID xsi:nil="true" />
      <StatisticalAreas xsi:nil="true" />
    </Address>
  </AddressList>
  <PhoneNumberList xsi:nil="true" />
  <YearLevels xsi:nil="true" />
  <Campus xsi:nil="true" />
  <SchoolSector>NG</SchoolSector>
  <SchoolGeographicLocation>15</SchoolGeographicLocation>
  <LocalGovernmentArea xsi:nil="true" />
  <JurisdictionLowerHouse xsi:nil="true" />
  <YearLevelEnrollmentList xsi:nil="true" />
  <TotalEnrollments xsi:nil="true" />
  <SchoolGroupList xsi:nil="true" />
  <SIF_Metadata xsi:nil="true" />
  <SIF_ExtendedElements xsi:nil="true" />
</SchoolInfo>

<SchoolInfo xmlns:xsd="http://www.w3.org/2001/XMLSchema" xmlns:xsi="http://www.w3.org/2001/XMLSchema-instance" RefId="a35224b4-aa8c-43ad-b495-6f4cfc7d7148" xmlns="http://www.sifassociation.org/datamodel/au/3.4">
  <LocalId>x728621</LocalId>
  <StateProvinceId xsi:nil="true" />
  <CommonwealthId xsi:nil="true" />
  <ACARAId>21233</ACARAId>
  <OtherIdList xsi:nil="true" />
  <SchoolName>Monosilicic Primary College</SchoolName>
  <LEAInfoRefId xsi:nil="true" />
  <SchoolDistrict xsi:nil="true" />
  <SchoolDistrictLocalId xsi:nil="true" />
  <SchoolFocusList xsi:nil="true" />
  <SchoolURL xsi:nil="true" />
  <SchoolEmailList xsi:nil="true" />
  <PrincipalInfo xsi:nil="true" />
  <SchoolContactList xsi:nil="true" />
    <AddressList>
    <Address Type="0123" Role="012A">
      <StateProvince>OS</StateProvince>
      <GridLocation xsi:nil="true" />
      <RadioContact xsi:nil="true" />
      <Community xsi:nil="true" />
      <LocalId xsi:nil="true" />
      <AddressGlobalUID xsi:nil="true" />
      <StatisticalAreas xsi:nil="true" />
    </Address>
  </AddressList>
  <PhoneNumberList xsi:nil="true" />
  <YearLevels xsi:nil="true" />
  <Campus xsi:nil="true" />
  <SchoolSector>NG</SchoolSector>
  <SchoolGeographicLocation>15</SchoolGeographicLocation>
  <LocalGovernmentArea xsi:nil="true" />
  <JurisdictionLowerHouse xsi:nil="true" />
  <YearLevelEnrollmentList xsi:nil="true" />
  <TotalEnrollments xsi:nil="true" />
  <SchoolGroupList xsi:nil="true" />
  <SIF_Metadata xsi:nil="true" />
  <SIF_ExtendedElements xsi:nil="true" />
</SchoolInfo>

<SchoolInfo xmlns:xsd="http://www.w3.org/2001/XMLSchema" xmlns:xsi="http://www.w3.org/2001/XMLSchema-instance" RefId="96d2b058-9f5e-4760-b198-f2909f8682e2" xmlns="http://www.sifassociation.org/datamodel/au/3.4">
  <LocalId>x728622</LocalId>
  <StateProvinceId xsi:nil="true" />
  <CommonwealthId xsi:nil="true" />
  <ACARAId>21234</ACARAId>
  <OtherIdList xsi:nil="true" />
  <SchoolName>Mortuarian Primary College</SchoolName>
  <LEAInfoRefId xsi:nil="true" />
  <SchoolDistrict xsi:nil="true" />
  <SchoolDistrictLocalId xsi:nil="true" />
  <SchoolFocusList xsi:nil="true" />
  <SchoolURL xsi:nil="true" />
  <SchoolEmailList xsi:nil="true" />
  <PrincipalInfo xsi:nil="true" />
  <SchoolContactList xsi:nil="true" />
    <AddressList>
    <Address Type="0123" Role="012A">
      <StateProvince>OS</StateProvince>
      <GridLocation xsi:nil="true" />
      <RadioContact xsi:nil="true" />
      <Community xsi:nil="true" />
      <LocalId xsi:nil="true" />
      <AddressGlobalUID xsi:nil="true" />
      <StatisticalAreas xsi:nil="true" />
    </Address>
  </AddressList>
  <PhoneNumberList xsi:nil="true" />
  <YearLevels xsi:nil="true" />
  <Campus xsi:nil="true" />
  <SchoolSector>NG</SchoolSector>
  <SchoolGeographicLocation>15</SchoolGeographicLocation>
  <LocalGovernmentArea xsi:nil="true" />
  <JurisdictionLowerHouse xsi:nil="true" />
  <YearLevelEnrollmentList xsi:nil="true" />
  <TotalEnrollments xsi:nil="true" />
  <SchoolGroupList xsi:nil="true" />
  <SIF_Metadata xsi:nil="true" />
  <SIF_ExtendedElements xsi:nil="true" />
</SchoolInfo>

<SchoolInfo xmlns:xsd="http://www.w3.org/2001/XMLSchema" xmlns:xsi="http://www.w3.org/2001/XMLSchema-instance" RefId="ae7e84f1-c424-4208-9cc4-9fce59235160" xmlns="http://www.sifassociation.org/datamodel/au/3.4">
  <LocalId>x728623</LocalId>
  <StateProvinceId xsi:nil="true" />
  <CommonwealthId xsi:nil="true" />
  <ACARAId>21235</ACARAId>
  <OtherIdList xsi:nil="true" />
  <SchoolName>Myomectomy Combined College</SchoolName>
  <LEAInfoRefId xsi:nil="true" />
  <SchoolDistrict xsi:nil="true" />
  <SchoolDistrictLocalId xsi:nil="true" />
  <SchoolFocusList xsi:nil="true" />
  <SchoolURL xsi:nil="true" />
  <SchoolEmailList xsi:nil="true" />
  <PrincipalInfo xsi:nil="true" />
  <SchoolContactList xsi:nil="true" />
    <AddressList>
    <Address Type="0123" Role="012A">
      <StateProvince>OS</StateProvince>
      <GridLocation xsi:nil="true" />
      <RadioContact xsi:nil="true" />
      <Community xsi:nil="true" />
      <LocalId xsi:nil="true" />
      <AddressGlobalUID xsi:nil="true" />
      <StatisticalAreas xsi:nil="true" />
    </Address>
  </AddressList>
  <PhoneNumberList xsi:nil="true" />
  <YearLevels xsi:nil="true" />
  <Campus xsi:nil="true" />
  <SchoolSector>NG</SchoolSector>
  <SchoolGeographicLocation>15</SchoolGeographicLocation>
  <LocalGovernmentArea xsi:nil="true" />
  <JurisdictionLowerHouse xsi:nil="true" />
  <YearLevelEnrollmentList xsi:nil="true" />
  <TotalEnrollments xsi:nil="true" />
  <SchoolGroupList xsi:nil="true" />
  <SIF_Metadata xsi:nil="true" />
  <SIF_ExtendedElements xsi:nil="true" />
</SchoolInfo>

<SchoolInfo xmlns:xsd="http://www.w3.org/2001/XMLSchema" xmlns:xsi="http://www.w3.org/2001/XMLSchema-instance" RefId="e2d67055-6725-4ec9-9071-75aea7ace42c" xmlns="http://www.sifassociation.org/datamodel/au/3.4">
  <LocalId>x728624</LocalId>
  <StateProvinceId xsi:nil="true" />
  <CommonwealthId xsi:nil="true" />
  <ACARAId>21236</ACARAId>
  <OtherIdList xsi:nil="true" />
  <SchoolName>Noninfallibilist Secondary College</SchoolName>
  <LEAInfoRefId xsi:nil="true" />
  <SchoolDistrict xsi:nil="true" />
  <SchoolDistrictLocalId xsi:nil="true" />
  <SchoolFocusList xsi:nil="true" />
  <SchoolURL xsi:nil="true" />
  <SchoolEmailList xsi:nil="true" />
  <PrincipalInfo xsi:nil="true" />
  <SchoolContactList xsi:nil="true" />
    <AddressList>
    <Address Type="0123" Role="012A">
      <StateProvince>OS</StateProvince>
      <GridLocation xsi:nil="true" />
      <RadioContact xsi:nil="true" />
      <Community xsi:nil="true" />
      <LocalId xsi:nil="true" />
      <AddressGlobalUID xsi:nil="true" />
      <StatisticalAreas xsi:nil="true" />
    </Address>
  </AddressList>
  <PhoneNumberList xsi:nil="true" />
  <YearLevels xsi:nil="true" />
  <Campus xsi:nil="true" />
  <SchoolSector>NG</SchoolSector>
  <SchoolGeographicLocation>15</SchoolGeographicLocation>
  <LocalGovernmentArea xsi:nil="true" />
  <JurisdictionLowerHouse xsi:nil="true" />
  <YearLevelEnrollmentList xsi:nil="true" />
  <TotalEnrollments xsi:nil="true" />
  <SchoolGroupList xsi:nil="true" />
  <SIF_Metadata xsi:nil="true" />
  <SIF_ExtendedElements xsi:nil="true" />
</SchoolInfo>

<SchoolInfo xmlns:xsd="http://www.w3.org/2001/XMLSchema" xmlns:xsi="http://www.w3.org/2001/XMLSchema-instance" RefId="7bdd1d23-f530-46ab-8217-cede2d7a5ff3" xmlns="http://www.sifassociation.org/datamodel/au/3.4">
  <LocalId>x728625</LocalId>
  <StateProvinceId xsi:nil="true" />
  <CommonwealthId xsi:nil="true" />
  <ACARAId>21237</ACARAId>
  <OtherIdList xsi:nil="true" />
  <SchoolName>Nontaxability Secondary College</SchoolName>
  <LEAInfoRefId xsi:nil="true" />
  <SchoolDistrict xsi:nil="true" />
  <SchoolDistrictLocalId xsi:nil="true" />
  <SchoolFocusList xsi:nil="true" />
  <SchoolURL xsi:nil="true" />
  <SchoolEmailList xsi:nil="true" />
  <PrincipalInfo xsi:nil="true" />
  <SchoolContactList xsi:nil="true" />
    <AddressList>
    <Address Type="0123" Role="012A">
      <StateProvince>OS</StateProvince>
      <GridLocation xsi:nil="true" />
      <RadioContact xsi:nil="true" />
      <Community xsi:nil="true" />
      <LocalId xsi:nil="true" />
      <AddressGlobalUID xsi:nil="true" />
      <StatisticalAreas xsi:nil="true" />
    </Address>
  </AddressList>
  <PhoneNumberList xsi:nil="true" />
  <YearLevels xsi:nil="true" />
  <Campus xsi:nil="true" />
  <SchoolSector>NG</SchoolSector>
  <SchoolGeographicLocation>15</SchoolGeographicLocation>
  <LocalGovernmentArea xsi:nil="true" />
  <JurisdictionLowerHouse xsi:nil="true" />
  <YearLevelEnrollmentList xsi:nil="true" />
  <TotalEnrollments xsi:nil="true" />
  <SchoolGroupList xsi:nil="true" />
  <SIF_Metadata xsi:nil="true" />
  <SIF_ExtendedElements xsi:nil="true" />
</SchoolInfo>

<SchoolInfo xmlns:xsd="http://www.w3.org/2001/XMLSchema" xmlns:xsi="http://www.w3.org/2001/XMLSchema-instance" RefId="7d2100d5-db6c-4590-bece-b1ef941ad518" xmlns="http://www.sifassociation.org/datamodel/au/3.4">
  <LocalId>x728626</LocalId>
  <StateProvinceId xsi:nil="true" />
  <CommonwealthId xsi:nil="true" />
  <ACARAId>21238</ACARAId>
  <OtherIdList xsi:nil="true" />
  <SchoolName>Otidiform Primary College</SchoolName>
  <LEAInfoRefId xsi:nil="true" />
  <SchoolDistrict xsi:nil="true" />
  <SchoolDistrictLocalId xsi:nil="true" />
  <SchoolFocusList xsi:nil="true" />
  <SchoolURL xsi:nil="true" />
  <SchoolEmailList xsi:nil="true" />
  <PrincipalInfo xsi:nil="true" />
  <SchoolContactList xsi:nil="true" />
    <AddressList>
    <Address Type="0123" Role="012A">
      <StateProvince>OS</StateProvince>
      <GridLocation xsi:nil="true" />
      <RadioContact xsi:nil="true" />
      <Community xsi:nil="true" />
      <LocalId xsi:nil="true" />
      <AddressGlobalUID xsi:nil="true" />
      <StatisticalAreas xsi:nil="true" />
    </Address>
  </AddressList>
  <PhoneNumberList xsi:nil="true" />
  <YearLevels xsi:nil="true" />
  <Campus xsi:nil="true" />
  <SchoolSector>NG</SchoolSector>
  <SchoolGeographicLocation>15</SchoolGeographicLocation>
  <LocalGovernmentArea xsi:nil="true" />
  <JurisdictionLowerHouse xsi:nil="true" />
  <YearLevelEnrollmentList xsi:nil="true" />
  <TotalEnrollments xsi:nil="true" />
  <SchoolGroupList xsi:nil="true" />
  <SIF_Metadata xsi:nil="true" />
  <SIF_ExtendedElements xsi:nil="true" />
</SchoolInfo>

<SchoolInfo xmlns:xsd="http://www.w3.org/2001/XMLSchema" xmlns:xsi="http://www.w3.org/2001/XMLSchema-instance" RefId="ad0305b8-ccee-42aa-a0d3-8a2029f55ab5" xmlns="http://www.sifassociation.org/datamodel/au/3.4">
  <LocalId>x728627</LocalId>
  <StateProvinceId xsi:nil="true" />
  <CommonwealthId xsi:nil="true" />
  <ACARAId>21239</ACARAId>
  <OtherIdList xsi:nil="true" />
  <SchoolName>Paleogenetic Primary College</SchoolName>
  <LEAInfoRefId xsi:nil="true" />
  <SchoolDistrict xsi:nil="true" />
  <SchoolDistrictLocalId xsi:nil="true" />
  <SchoolFocusList xsi:nil="true" />
  <SchoolURL xsi:nil="true" />
  <SchoolEmailList xsi:nil="true" />
  <PrincipalInfo xsi:nil="true" />
  <SchoolContactList xsi:nil="true" />
    <AddressList>
    <Address Type="0123" Role="012A">
      <StateProvince>OS</StateProvince>
      <GridLocation xsi:nil="true" />
      <RadioContact xsi:nil="true" />
      <Community xsi:nil="true" />
      <LocalId xsi:nil="true" />
      <AddressGlobalUID xsi:nil="true" />
      <StatisticalAreas xsi:nil="true" />
    </Address>
  </AddressList>
  <PhoneNumberList xsi:nil="true" />
  <YearLevels xsi:nil="true" />
  <Campus xsi:nil="true" />
  <SchoolSector>NG</SchoolSector>
  <SchoolGeographicLocation>15</SchoolGeographicLocation>
  <LocalGovernmentArea xsi:nil="true" />
  <JurisdictionLowerHouse xsi:nil="true" />
  <YearLevelEnrollmentList xsi:nil="true" />
  <TotalEnrollments xsi:nil="true" />
  <SchoolGroupList xsi:nil="true" />
  <SIF_Metadata xsi:nil="true" />
  <SIF_ExtendedElements xsi:nil="true" />
</SchoolInfo>

<SchoolInfo xmlns:xsd="http://www.w3.org/2001/XMLSchema" xmlns:xsi="http://www.w3.org/2001/XMLSchema-instance" RefId="75da0ff0-a533-4b01-9cf9-25ad7717ee29" xmlns="http://www.sifassociation.org/datamodel/au/3.4">
  <LocalId>x728628</LocalId>
  <StateProvinceId xsi:nil="true" />
  <CommonwealthId xsi:nil="true" />
  <ACARAId>21240</ACARAId>
  <OtherIdList xsi:nil="true" />
  <SchoolName>Paleolimnology Combined College</SchoolName>
  <LEAInfoRefId xsi:nil="true" />
  <SchoolDistrict xsi:nil="true" />
  <SchoolDistrictLocalId xsi:nil="true" />
  <SchoolFocusList xsi:nil="true" />
  <SchoolURL xsi:nil="true" />
  <SchoolEmailList xsi:nil="true" />
  <PrincipalInfo xsi:nil="true" />
  <SchoolContactList xsi:nil="true" />
    <AddressList>
    <Address Type="0123" Role="012A">
      <StateProvince>OS</StateProvince>
      <GridLocation xsi:nil="true" />
      <RadioContact xsi:nil="true" />
      <Community xsi:nil="true" />
      <LocalId xsi:nil="true" />
      <AddressGlobalUID xsi:nil="true" />
      <StatisticalAreas xsi:nil="true" />
    </Address>
  </AddressList>
  <PhoneNumberList xsi:nil="true" />
  <YearLevels xsi:nil="true" />
  <Campus xsi:nil="true" />
  <SchoolSector>NG</SchoolSector>
  <SchoolGeographicLocation>15</SchoolGeographicLocation>
  <LocalGovernmentArea xsi:nil="true" />
  <JurisdictionLowerHouse xsi:nil="true" />
  <YearLevelEnrollmentList xsi:nil="true" />
  <TotalEnrollments xsi:nil="true" />
  <SchoolGroupList xsi:nil="true" />
  <SIF_Metadata xsi:nil="true" />
  <SIF_ExtendedElements xsi:nil="true" />
</SchoolInfo>

<SchoolInfo xmlns:xsd="http://www.w3.org/2001/XMLSchema" xmlns:xsi="http://www.w3.org/2001/XMLSchema-instance" RefId="1b9e1718-3c99-4e21-9c93-7dd031fca65c" xmlns="http://www.sifassociation.org/datamodel/au/3.4">
  <LocalId>x728629</LocalId>
  <StateProvinceId xsi:nil="true" />
  <CommonwealthId xsi:nil="true" />
  <ACARAId>21241</ACARAId>
  <OtherIdList xsi:nil="true" />
  <SchoolName>Peachblossom Secondary College</SchoolName>
  <LEAInfoRefId xsi:nil="true" />
  <SchoolDistrict xsi:nil="true" />
  <SchoolDistrictLocalId xsi:nil="true" />
  <SchoolFocusList xsi:nil="true" />
  <SchoolURL xsi:nil="true" />
  <SchoolEmailList xsi:nil="true" />
  <PrincipalInfo xsi:nil="true" />
  <SchoolContactList xsi:nil="true" />
    <AddressList>
    <Address Type="0123" Role="012A">
      <StateProvince>OS</StateProvince>
      <GridLocation xsi:nil="true" />
      <RadioContact xsi:nil="true" />
      <Community xsi:nil="true" />
      <LocalId xsi:nil="true" />
      <AddressGlobalUID xsi:nil="true" />
      <StatisticalAreas xsi:nil="true" />
    </Address>
  </AddressList>
  <PhoneNumberList xsi:nil="true" />
  <YearLevels xsi:nil="true" />
  <Campus xsi:nil="true" />
  <SchoolSector>NG</SchoolSector>
  <SchoolGeographicLocation>15</SchoolGeographicLocation>
  <LocalGovernmentArea xsi:nil="true" />
  <JurisdictionLowerHouse xsi:nil="true" />
  <YearLevelEnrollmentList xsi:nil="true" />
  <TotalEnrollments xsi:nil="true" />
  <SchoolGroupList xsi:nil="true" />
  <SIF_Metadata xsi:nil="true" />
  <SIF_ExtendedElements xsi:nil="true" />
</SchoolInfo>

<SchoolInfo xmlns:xsd="http://www.w3.org/2001/XMLSchema" xmlns:xsi="http://www.w3.org/2001/XMLSchema-instance" RefId="7a43c734-0929-4863-9999-25d86122921c" xmlns="http://www.sifassociation.org/datamodel/au/3.4">
  <LocalId>x728630</LocalId>
  <StateProvinceId xsi:nil="true" />
  <CommonwealthId xsi:nil="true" />
  <ACARAId>21242</ACARAId>
  <OtherIdList xsi:nil="true" />
  <SchoolName>Peristaphylitis Secondary College</SchoolName>
  <LEAInfoRefId xsi:nil="true" />
  <SchoolDistrict xsi:nil="true" />
  <SchoolDistrictLocalId xsi:nil="true" />
  <SchoolFocusList xsi:nil="true" />
  <SchoolURL xsi:nil="true" />
  <SchoolEmailList xsi:nil="true" />
  <PrincipalInfo xsi:nil="true" />
  <SchoolContactList xsi:nil="true" />
    <AddressList>
    <Address Type="0123" Role="012A">
      <StateProvince>OS</StateProvince>
      <GridLocation xsi:nil="true" />
      <RadioContact xsi:nil="true" />
      <Community xsi:nil="true" />
      <LocalId xsi:nil="true" />
      <AddressGlobalUID xsi:nil="true" />
      <StatisticalAreas xsi:nil="true" />
    </Address>
  </AddressList>
  <PhoneNumberList xsi:nil="true" />
  <YearLevels xsi:nil="true" />
  <Campus xsi:nil="true" />
  <SchoolSector>NG</SchoolSector>
  <SchoolGeographicLocation>15</SchoolGeographicLocation>
  <LocalGovernmentArea xsi:nil="true" />
  <JurisdictionLowerHouse xsi:nil="true" />
  <YearLevelEnrollmentList xsi:nil="true" />
  <TotalEnrollments xsi:nil="true" />
  <SchoolGroupList xsi:nil="true" />
  <SIF_Metadata xsi:nil="true" />
  <SIF_ExtendedElements xsi:nil="true" />
</SchoolInfo>

<SchoolInfo xmlns:xsd="http://www.w3.org/2001/XMLSchema" xmlns:xsi="http://www.w3.org/2001/XMLSchema-instance" RefId="b26a199c-2551-4263-9772-9250a3af00a6" xmlns="http://www.sifassociation.org/datamodel/au/3.4">
  <LocalId>x728631</LocalId>
  <StateProvinceId xsi:nil="true" />
  <CommonwealthId xsi:nil="true" />
  <ACARAId>21243</ACARAId>
  <OtherIdList xsi:nil="true" />
  <SchoolName>Plumemaking Secondary College</SchoolName>
  <LEAInfoRefId xsi:nil="true" />
  <SchoolDistrict xsi:nil="true" />
  <SchoolDistrictLocalId xsi:nil="true" />
  <SchoolFocusList xsi:nil="true" />
  <SchoolURL xsi:nil="true" />
  <SchoolEmailList xsi:nil="true" />
  <PrincipalInfo xsi:nil="true" />
  <SchoolContactList xsi:nil="true" />
    <AddressList>
    <Address Type="0123" Role="012A">
      <StateProvince>OS</StateProvince>
      <GridLocation xsi:nil="true" />
      <RadioContact xsi:nil="true" />
      <Community xsi:nil="true" />
      <LocalId xsi:nil="true" />
      <AddressGlobalUID xsi:nil="true" />
      <StatisticalAreas xsi:nil="true" />
    </Address>
  </AddressList>
  <PhoneNumberList xsi:nil="true" />
  <YearLevels xsi:nil="true" />
  <Campus xsi:nil="true" />
  <SchoolSector>NG</SchoolSector>
  <SchoolGeographicLocation>15</SchoolGeographicLocation>
  <LocalGovernmentArea xsi:nil="true" />
  <JurisdictionLowerHouse xsi:nil="true" />
  <YearLevelEnrollmentList xsi:nil="true" />
  <TotalEnrollments xsi:nil="true" />
  <SchoolGroupList xsi:nil="true" />
  <SIF_Metadata xsi:nil="true" />
  <SIF_ExtendedElements xsi:nil="true" />
</SchoolInfo>

<SchoolInfo xmlns:xsd="http://www.w3.org/2001/XMLSchema" xmlns:xsi="http://www.w3.org/2001/XMLSchema-instance" RefId="529e80d7-7268-42f0-9f22-bb5e32223d0d" xmlns="http://www.sifassociation.org/datamodel/au/3.4">
  <LocalId>x728632</LocalId>
  <StateProvinceId xsi:nil="true" />
  <CommonwealthId xsi:nil="true" />
  <ACARAId>21244</ACARAId>
  <OtherIdList xsi:nil="true" />
  <SchoolName>Preaggravation Secondary College</SchoolName>
  <LEAInfoRefId xsi:nil="true" />
  <SchoolDistrict xsi:nil="true" />
  <SchoolDistrictLocalId xsi:nil="true" />
  <SchoolFocusList xsi:nil="true" />
  <SchoolURL xsi:nil="true" />
  <SchoolEmailList xsi:nil="true" />
  <PrincipalInfo xsi:nil="true" />
  <SchoolContactList xsi:nil="true" />
    <AddressList>
    <Address Type="0123" Role="012A">
      <StateProvince>OS</StateProvince>
      <GridLocation xsi:nil="true" />
      <RadioContact xsi:nil="true" />
      <Community xsi:nil="true" />
      <LocalId xsi:nil="true" />
      <AddressGlobalUID xsi:nil="true" />
      <StatisticalAreas xsi:nil="true" />
    </Address>
  </AddressList>
  <PhoneNumberList xsi:nil="true" />
  <YearLevels xsi:nil="true" />
  <Campus xsi:nil="true" />
  <SchoolSector>NG</SchoolSector>
  <SchoolGeographicLocation>15</SchoolGeographicLocation>
  <LocalGovernmentArea xsi:nil="true" />
  <JurisdictionLowerHouse xsi:nil="true" />
  <YearLevelEnrollmentList xsi:nil="true" />
  <TotalEnrollments xsi:nil="true" />
  <SchoolGroupList xsi:nil="true" />
  <SIF_Metadata xsi:nil="true" />
  <SIF_ExtendedElements xsi:nil="true" />
</SchoolInfo>

<SchoolInfo xmlns:xsd="http://www.w3.org/2001/XMLSchema" xmlns:xsi="http://www.w3.org/2001/XMLSchema-instance" RefId="e56fd343-1dbc-4d61-bda7-845009a2e5ba" xmlns="http://www.sifassociation.org/datamodel/au/3.4">
  <LocalId>x728633</LocalId>
  <StateProvinceId xsi:nil="true" />
  <CommonwealthId xsi:nil="true" />
  <ACARAId>21245</ACARAId>
  <OtherIdList xsi:nil="true" />
  <SchoolName>Priceable Secondary College</SchoolName>
  <LEAInfoRefId xsi:nil="true" />
  <SchoolDistrict xsi:nil="true" />
  <SchoolDistrictLocalId xsi:nil="true" />
  <SchoolFocusList xsi:nil="true" />
  <SchoolURL xsi:nil="true" />
  <SchoolEmailList xsi:nil="true" />
  <PrincipalInfo xsi:nil="true" />
  <SchoolContactList xsi:nil="true" />
    <AddressList>
    <Address Type="0123" Role="012A">
      <StateProvince>OS</StateProvince>
      <GridLocation xsi:nil="true" />
      <RadioContact xsi:nil="true" />
      <Community xsi:nil="true" />
      <LocalId xsi:nil="true" />
      <AddressGlobalUID xsi:nil="true" />
      <StatisticalAreas xsi:nil="true" />
    </Address>
  </AddressList>
  <PhoneNumberList xsi:nil="true" />
  <YearLevels xsi:nil="true" />
  <Campus xsi:nil="true" />
  <SchoolSector>NG</SchoolSector>
  <SchoolGeographicLocation>15</SchoolGeographicLocation>
  <LocalGovernmentArea xsi:nil="true" />
  <JurisdictionLowerHouse xsi:nil="true" />
  <YearLevelEnrollmentList xsi:nil="true" />
  <TotalEnrollments xsi:nil="true" />
  <SchoolGroupList xsi:nil="true" />
  <SIF_Metadata xsi:nil="true" />
  <SIF_ExtendedElements xsi:nil="true" />
</SchoolInfo>

<SchoolInfo xmlns:xsd="http://www.w3.org/2001/XMLSchema" xmlns:xsi="http://www.w3.org/2001/XMLSchema-instance" RefId="133f04ed-81db-40aa-bb83-f6a75da4d59f" xmlns="http://www.sifassociation.org/datamodel/au/3.4">
  <LocalId>x728634</LocalId>
  <StateProvinceId xsi:nil="true" />
  <CommonwealthId xsi:nil="true" />
  <ACARAId>21246</ACARAId>
  <OtherIdList xsi:nil="true" />
  <SchoolName>Quarred Primary College</SchoolName>
  <LEAInfoRefId xsi:nil="true" />
  <SchoolDistrict xsi:nil="true" />
  <SchoolDistrictLocalId xsi:nil="true" />
  <SchoolFocusList xsi:nil="true" />
  <SchoolURL xsi:nil="true" />
  <SchoolEmailList xsi:nil="true" />
  <PrincipalInfo xsi:nil="true" />
  <SchoolContactList xsi:nil="true" />
    <AddressList>
    <Address Type="0123" Role="012A">
      <StateProvince>OS</StateProvince>
      <GridLocation xsi:nil="true" />
      <RadioContact xsi:nil="true" />
      <Community xsi:nil="true" />
      <LocalId xsi:nil="true" />
      <AddressGlobalUID xsi:nil="true" />
      <StatisticalAreas xsi:nil="true" />
    </Address>
  </AddressList>
  <PhoneNumberList xsi:nil="true" />
  <YearLevels xsi:nil="true" />
  <Campus xsi:nil="true" />
  <SchoolSector>NG</SchoolSector>
  <SchoolGeographicLocation>15</SchoolGeographicLocation>
  <LocalGovernmentArea xsi:nil="true" />
  <JurisdictionLowerHouse xsi:nil="true" />
  <YearLevelEnrollmentList xsi:nil="true" />
  <TotalEnrollments xsi:nil="true" />
  <SchoolGroupList xsi:nil="true" />
  <SIF_Metadata xsi:nil="true" />
  <SIF_ExtendedElements xsi:nil="true" />
</SchoolInfo>

<SchoolInfo xmlns:xsd="http://www.w3.org/2001/XMLSchema" xmlns:xsi="http://www.w3.org/2001/XMLSchema-instance" RefId="269807e6-429c-4820-b16a-08f6cfc5d6e9" xmlns="http://www.sifassociation.org/datamodel/au/3.4">
  <LocalId>x728635</LocalId>
  <StateProvinceId xsi:nil="true" />
  <CommonwealthId xsi:nil="true" />
  <ACARAId>21247</ACARAId>
  <OtherIdList xsi:nil="true" />
  <SchoolName>Rabbanist Secondary College</SchoolName>
  <LEAInfoRefId xsi:nil="true" />
  <SchoolDistrict xsi:nil="true" />
  <SchoolDistrictLocalId xsi:nil="true" />
  <SchoolFocusList xsi:nil="true" />
  <SchoolURL xsi:nil="true" />
  <SchoolEmailList xsi:nil="true" />
  <PrincipalInfo xsi:nil="true" />
  <SchoolContactList xsi:nil="true" />
    <AddressList>
    <Address Type="0123" Role="012A">
      <StateProvince>OS</StateProvince>
      <GridLocation xsi:nil="true" />
      <RadioContact xsi:nil="true" />
      <Community xsi:nil="true" />
      <LocalId xsi:nil="true" />
      <AddressGlobalUID xsi:nil="true" />
      <StatisticalAreas xsi:nil="true" />
    </Address>
  </AddressList>
  <PhoneNumberList xsi:nil="true" />
  <YearLevels xsi:nil="true" />
  <Campus xsi:nil="true" />
  <SchoolSector>NG</SchoolSector>
  <SchoolGeographicLocation>15</SchoolGeographicLocation>
  <LocalGovernmentArea xsi:nil="true" />
  <JurisdictionLowerHouse xsi:nil="true" />
  <YearLevelEnrollmentList xsi:nil="true" />
  <TotalEnrollments xsi:nil="true" />
  <SchoolGroupList xsi:nil="true" />
  <SIF_Metadata xsi:nil="true" />
  <SIF_ExtendedElements xsi:nil="true" />
</SchoolInfo>

<SchoolInfo xmlns:xsd="http://www.w3.org/2001/XMLSchema" xmlns:xsi="http://www.w3.org/2001/XMLSchema-instance" RefId="cd070c9f-5c48-4223-a81e-b0463109ad96" xmlns="http://www.sifassociation.org/datamodel/au/3.4">
  <LocalId>x728636</LocalId>
  <StateProvinceId xsi:nil="true" />
  <CommonwealthId xsi:nil="true" />
  <ACARAId>21248</ACARAId>
  <OtherIdList xsi:nil="true" />
  <SchoolName>Radiotelegram Combined College</SchoolName>
  <LEAInfoRefId xsi:nil="true" />
  <SchoolDistrict xsi:nil="true" />
  <SchoolDistrictLocalId xsi:nil="true" />
  <SchoolFocusList xsi:nil="true" />
  <SchoolURL xsi:nil="true" />
  <SchoolEmailList xsi:nil="true" />
  <PrincipalInfo xsi:nil="true" />
  <SchoolContactList xsi:nil="true" />
    <AddressList>
    <Address Type="0123" Role="012A">
      <StateProvince>OS</StateProvince>
      <GridLocation xsi:nil="true" />
      <RadioContact xsi:nil="true" />
      <Community xsi:nil="true" />
      <LocalId xsi:nil="true" />
      <AddressGlobalUID xsi:nil="true" />
      <StatisticalAreas xsi:nil="true" />
    </Address>
  </AddressList>
  <PhoneNumberList xsi:nil="true" />
  <YearLevels xsi:nil="true" />
  <Campus xsi:nil="true" />
  <SchoolSector>NG</SchoolSector>
  <SchoolGeographicLocation>15</SchoolGeographicLocation>
  <LocalGovernmentArea xsi:nil="true" />
  <JurisdictionLowerHouse xsi:nil="true" />
  <YearLevelEnrollmentList xsi:nil="true" />
  <TotalEnrollments xsi:nil="true" />
  <SchoolGroupList xsi:nil="true" />
  <SIF_Metadata xsi:nil="true" />
  <SIF_ExtendedElements xsi:nil="true" />
</SchoolInfo>

<SchoolInfo xmlns:xsd="http://www.w3.org/2001/XMLSchema" xmlns:xsi="http://www.w3.org/2001/XMLSchema-instance" RefId="c686715a-ef6d-46d6-bd4f-fcb698619252" xmlns="http://www.sifassociation.org/datamodel/au/3.4">
  <LocalId>x728637</LocalId>
  <StateProvinceId xsi:nil="true" />
  <CommonwealthId xsi:nil="true" />
  <ACARAId>21249</ACARAId>
  <OtherIdList xsi:nil="true" />
  <SchoolName>Ratcatching Primary College</SchoolName>
  <LEAInfoRefId xsi:nil="true" />
  <SchoolDistrict xsi:nil="true" />
  <SchoolDistrictLocalId xsi:nil="true" />
  <SchoolFocusList xsi:nil="true" />
  <SchoolURL xsi:nil="true" />
  <SchoolEmailList xsi:nil="true" />
  <PrincipalInfo xsi:nil="true" />
  <SchoolContactList xsi:nil="true" />
    <AddressList>
    <Address Type="0123" Role="012A">
      <StateProvince>OS</StateProvince>
      <GridLocation xsi:nil="true" />
      <RadioContact xsi:nil="true" />
      <Community xsi:nil="true" />
      <LocalId xsi:nil="true" />
      <AddressGlobalUID xsi:nil="true" />
      <StatisticalAreas xsi:nil="true" />
    </Address>
  </AddressList>
  <PhoneNumberList xsi:nil="true" />
  <YearLevels xsi:nil="true" />
  <Campus xsi:nil="true" />
  <SchoolSector>NG</SchoolSector>
  <SchoolGeographicLocation>15</SchoolGeographicLocation>
  <LocalGovernmentArea xsi:nil="true" />
  <JurisdictionLowerHouse xsi:nil="true" />
  <YearLevelEnrollmentList xsi:nil="true" />
  <TotalEnrollments xsi:nil="true" />
  <SchoolGroupList xsi:nil="true" />
  <SIF_Metadata xsi:nil="true" />
  <SIF_ExtendedElements xsi:nil="true" />
</SchoolInfo>

<SchoolInfo xmlns:xsd="http://www.w3.org/2001/XMLSchema" xmlns:xsi="http://www.w3.org/2001/XMLSchema-instance" RefId="0b3bee8e-50d1-4408-b66c-e6d55ba31b0c" xmlns="http://www.sifassociation.org/datamodel/au/3.4">
  <LocalId>x728638</LocalId>
  <StateProvinceId xsi:nil="true" />
  <CommonwealthId xsi:nil="true" />
  <ACARAId>21250</ACARAId>
  <OtherIdList xsi:nil="true" />
  <SchoolName>Regurgitant Secondary College</SchoolName>
  <LEAInfoRefId xsi:nil="true" />
  <SchoolDistrict xsi:nil="true" />
  <SchoolDistrictLocalId xsi:nil="true" />
  <SchoolFocusList xsi:nil="true" />
  <SchoolURL xsi:nil="true" />
  <SchoolEmailList xsi:nil="true" />
  <PrincipalInfo xsi:nil="true" />
  <SchoolContactList xsi:nil="true" />
    <AddressList>
    <Address Type="0123" Role="012A">
      <StateProvince>OS</StateProvince>
      <GridLocation xsi:nil="true" />
      <RadioContact xsi:nil="true" />
      <Community xsi:nil="true" />
      <LocalId xsi:nil="true" />
      <AddressGlobalUID xsi:nil="true" />
      <StatisticalAreas xsi:nil="true" />
    </Address>
  </AddressList>
  <PhoneNumberList xsi:nil="true" />
  <YearLevels xsi:nil="true" />
  <Campus xsi:nil="true" />
  <SchoolSector>NG</SchoolSector>
  <SchoolGeographicLocation>15</SchoolGeographicLocation>
  <LocalGovernmentArea xsi:nil="true" />
  <JurisdictionLowerHouse xsi:nil="true" />
  <YearLevelEnrollmentList xsi:nil="true" />
  <TotalEnrollments xsi:nil="true" />
  <SchoolGroupList xsi:nil="true" />
  <SIF_Metadata xsi:nil="true" />
  <SIF_ExtendedElements xsi:nil="true" />
</SchoolInfo>

<SchoolInfo xmlns:xsd="http://www.w3.org/2001/XMLSchema" xmlns:xsi="http://www.w3.org/2001/XMLSchema-instance" RefId="db2e3326-10a1-4824-8276-7190b04d9892" xmlns="http://www.sifassociation.org/datamodel/au/3.4">
  <LocalId>x728639</LocalId>
  <StateProvinceId xsi:nil="true" />
  <CommonwealthId xsi:nil="true" />
  <ACARAId>21251</ACARAId>
  <OtherIdList xsi:nil="true" />
  <SchoolName>Saccobranchiate Primary College</SchoolName>
  <LEAInfoRefId xsi:nil="true" />
  <SchoolDistrict xsi:nil="true" />
  <SchoolDistrictLocalId xsi:nil="true" />
  <SchoolFocusList xsi:nil="true" />
  <SchoolURL xsi:nil="true" />
  <SchoolEmailList xsi:nil="true" />
  <PrincipalInfo xsi:nil="true" />
  <SchoolContactList xsi:nil="true" />
    <AddressList>
    <Address Type="0123" Role="012A">
      <StateProvince>OS</StateProvince>
      <GridLocation xsi:nil="true" />
      <RadioContact xsi:nil="true" />
      <Community xsi:nil="true" />
      <LocalId xsi:nil="true" />
      <AddressGlobalUID xsi:nil="true" />
      <StatisticalAreas xsi:nil="true" />
    </Address>
  </AddressList>
  <PhoneNumberList xsi:nil="true" />
  <YearLevels xsi:nil="true" />
  <Campus xsi:nil="true" />
  <SchoolSector>NG</SchoolSector>
  <SchoolGeographicLocation>15</SchoolGeographicLocation>
  <LocalGovernmentArea xsi:nil="true" />
  <JurisdictionLowerHouse xsi:nil="true" />
  <YearLevelEnrollmentList xsi:nil="true" />
  <TotalEnrollments xsi:nil="true" />
  <SchoolGroupList xsi:nil="true" />
  <SIF_Metadata xsi:nil="true" />
  <SIF_ExtendedElements xsi:nil="true" />
</SchoolInfo>

<SchoolInfo xmlns:xsd="http://www.w3.org/2001/XMLSchema" xmlns:xsi="http://www.w3.org/2001/XMLSchema-instance" RefId="c591bdaa-b1fa-4bba-87e7-0693c72634ea" xmlns="http://www.sifassociation.org/datamodel/au/3.4">
  <LocalId>x728640</LocalId>
  <StateProvinceId xsi:nil="true" />
  <CommonwealthId xsi:nil="true" />
  <ACARAId>21252</ACARAId>
  <OtherIdList xsi:nil="true" />
  <SchoolName>Sprung Combined College</SchoolName>
  <LEAInfoRefId xsi:nil="true" />
  <SchoolDistrict xsi:nil="true" />
  <SchoolDistrictLocalId xsi:nil="true" />
  <SchoolFocusList xsi:nil="true" />
  <SchoolURL xsi:nil="true" />
  <SchoolEmailList xsi:nil="true" />
  <PrincipalInfo xsi:nil="true" />
  <SchoolContactList xsi:nil="true" />
    <AddressList>
    <Address Type="0123" Role="012A">
      <StateProvince>OS</StateProvince>
      <GridLocation xsi:nil="true" />
      <RadioContact xsi:nil="true" />
      <Community xsi:nil="true" />
      <LocalId xsi:nil="true" />
      <AddressGlobalUID xsi:nil="true" />
      <StatisticalAreas xsi:nil="true" />
    </Address>
  </AddressList>
  <PhoneNumberList xsi:nil="true" />
  <YearLevels xsi:nil="true" />
  <Campus xsi:nil="true" />
  <SchoolSector>NG</SchoolSector>
  <SchoolGeographicLocation>15</SchoolGeographicLocation>
  <LocalGovernmentArea xsi:nil="true" />
  <JurisdictionLowerHouse xsi:nil="true" />
  <YearLevelEnrollmentList xsi:nil="true" />
  <TotalEnrollments xsi:nil="true" />
  <SchoolGroupList xsi:nil="true" />
  <SIF_Metadata xsi:nil="true" />
  <SIF_ExtendedElements xsi:nil="true" />
</SchoolInfo>

<SchoolInfo xmlns:xsd="http://www.w3.org/2001/XMLSchema" xmlns:xsi="http://www.w3.org/2001/XMLSchema-instance" RefId="4de1aa1a-87a8-48b9-9962-29810edf25b9" xmlns="http://www.sifassociation.org/datamodel/au/3.4">
  <LocalId>x728641</LocalId>
  <StateProvinceId xsi:nil="true" />
  <CommonwealthId xsi:nil="true" />
  <ACARAId>21253</ACARAId>
  <OtherIdList xsi:nil="true" />
  <SchoolName>Thermodynamician Secondary College</SchoolName>
  <LEAInfoRefId xsi:nil="true" />
  <SchoolDistrict xsi:nil="true" />
  <SchoolDistrictLocalId xsi:nil="true" />
  <SchoolFocusList xsi:nil="true" />
  <SchoolURL xsi:nil="true" />
  <SchoolEmailList xsi:nil="true" />
  <PrincipalInfo xsi:nil="true" />
  <SchoolContactList xsi:nil="true" />
    <AddressList>
    <Address Type="0123" Role="012A">
      <StateProvince>OS</StateProvince>
      <GridLocation xsi:nil="true" />
      <RadioContact xsi:nil="true" />
      <Community xsi:nil="true" />
      <LocalId xsi:nil="true" />
      <AddressGlobalUID xsi:nil="true" />
      <StatisticalAreas xsi:nil="true" />
    </Address>
  </AddressList>
  <PhoneNumberList xsi:nil="true" />
  <YearLevels xsi:nil="true" />
  <Campus xsi:nil="true" />
  <SchoolSector>NG</SchoolSector>
  <SchoolGeographicLocation>15</SchoolGeographicLocation>
  <LocalGovernmentArea xsi:nil="true" />
  <JurisdictionLowerHouse xsi:nil="true" />
  <YearLevelEnrollmentList xsi:nil="true" />
  <TotalEnrollments xsi:nil="true" />
  <SchoolGroupList xsi:nil="true" />
  <SIF_Metadata xsi:nil="true" />
  <SIF_ExtendedElements xsi:nil="true" />
</SchoolInfo>

<SchoolInfo xmlns:xsd="http://www.w3.org/2001/XMLSchema" xmlns:xsi="http://www.w3.org/2001/XMLSchema-instance" RefId="198f4cd8-2a2a-4a9b-8495-4749517134a4" xmlns="http://www.sifassociation.org/datamodel/au/3.4">
  <LocalId>x728642</LocalId>
  <StateProvinceId xsi:nil="true" />
  <CommonwealthId xsi:nil="true" />
  <ACARAId>21254</ACARAId>
  <OtherIdList xsi:nil="true" />
  <SchoolName>Touchwood Combined College</SchoolName>
  <LEAInfoRefId xsi:nil="true" />
  <SchoolDistrict xsi:nil="true" />
  <SchoolDistrictLocalId xsi:nil="true" />
  <SchoolFocusList xsi:nil="true" />
  <SchoolURL xsi:nil="true" />
  <SchoolEmailList xsi:nil="true" />
  <PrincipalInfo xsi:nil="true" />
  <SchoolContactList xsi:nil="true" />
    <AddressList>
    <Address Type="0123" Role="012A">
      <StateProvince>OS</StateProvince>
      <GridLocation xsi:nil="true" />
      <RadioContact xsi:nil="true" />
      <Community xsi:nil="true" />
      <LocalId xsi:nil="true" />
      <AddressGlobalUID xsi:nil="true" />
      <StatisticalAreas xsi:nil="true" />
    </Address>
  </AddressList>
  <PhoneNumberList xsi:nil="true" />
  <YearLevels xsi:nil="true" />
  <Campus xsi:nil="true" />
  <SchoolSector>NG</SchoolSector>
  <SchoolGeographicLocation>15</SchoolGeographicLocation>
  <LocalGovernmentArea xsi:nil="true" />
  <JurisdictionLowerHouse xsi:nil="true" />
  <YearLevelEnrollmentList xsi:nil="true" />
  <TotalEnrollments xsi:nil="true" />
  <SchoolGroupList xsi:nil="true" />
  <SIF_Metadata xsi:nil="true" />
  <SIF_ExtendedElements xsi:nil="true" />
</SchoolInfo>

<SchoolInfo xmlns:xsd="http://www.w3.org/2001/XMLSchema" xmlns:xsi="http://www.w3.org/2001/XMLSchema-instance" RefId="97d2e207-7bee-4e8b-a023-0007ffb818ed" xmlns="http://www.sifassociation.org/datamodel/au/3.4">
  <LocalId>x728643</LocalId>
  <StateProvinceId xsi:nil="true" />
  <CommonwealthId xsi:nil="true" />
  <ACARAId>21255</ACARAId>
  <OtherIdList xsi:nil="true" />
  <SchoolName>Truistical Combined College</SchoolName>
  <LEAInfoRefId xsi:nil="true" />
  <SchoolDistrict xsi:nil="true" />
  <SchoolDistrictLocalId xsi:nil="true" />
  <SchoolFocusList xsi:nil="true" />
  <SchoolURL xsi:nil="true" />
  <SchoolEmailList xsi:nil="true" />
  <PrincipalInfo xsi:nil="true" />
  <SchoolContactList xsi:nil="true" />
    <AddressList>
    <Address Type="0123" Role="012A">
      <StateProvince>OS</StateProvince>
      <GridLocation xsi:nil="true" />
      <RadioContact xsi:nil="true" />
      <Community xsi:nil="true" />
      <LocalId xsi:nil="true" />
      <AddressGlobalUID xsi:nil="true" />
      <StatisticalAreas xsi:nil="true" />
    </Address>
  </AddressList>
  <PhoneNumberList xsi:nil="true" />
  <YearLevels xsi:nil="true" />
  <Campus xsi:nil="true" />
  <SchoolSector>NG</SchoolSector>
  <SchoolGeographicLocation>15</SchoolGeographicLocation>
  <LocalGovernmentArea xsi:nil="true" />
  <JurisdictionLowerHouse xsi:nil="true" />
  <YearLevelEnrollmentList xsi:nil="true" />
  <TotalEnrollments xsi:nil="true" />
  <SchoolGroupList xsi:nil="true" />
  <SIF_Metadata xsi:nil="true" />
  <SIF_ExtendedElements xsi:nil="true" />
</SchoolInfo>

<SchoolInfo xmlns:xsd="http://www.w3.org/2001/XMLSchema" xmlns:xsi="http://www.w3.org/2001/XMLSchema-instance" RefId="4fa4722d-4b37-467a-aff9-57a2712b0ea7" xmlns="http://www.sifassociation.org/datamodel/au/3.4">
  <LocalId>x728644</LocalId>
  <StateProvinceId xsi:nil="true" />
  <CommonwealthId xsi:nil="true" />
  <ACARAId>21256</ACARAId>
  <OtherIdList xsi:nil="true" />
  <SchoolName>Unsacrificing Primary College</SchoolName>
  <LEAInfoRefId xsi:nil="true" />
  <SchoolDistrict xsi:nil="true" />
  <SchoolDistrictLocalId xsi:nil="true" />
  <SchoolFocusList xsi:nil="true" />
  <SchoolURL xsi:nil="true" />
  <SchoolEmailList xsi:nil="true" />
  <PrincipalInfo xsi:nil="true" />
  <SchoolContactList xsi:nil="true" />
    <AddressList>
    <Address Type="0123" Role="012A">
      <StateProvince>OS</StateProvince>
      <GridLocation xsi:nil="true" />
      <RadioContact xsi:nil="true" />
      <Community xsi:nil="true" />
      <LocalId xsi:nil="true" />
      <AddressGlobalUID xsi:nil="true" />
      <StatisticalAreas xsi:nil="true" />
    </Address>
  </AddressList>
  <PhoneNumberList xsi:nil="true" />
  <YearLevels xsi:nil="true" />
  <Campus xsi:nil="true" />
  <SchoolSector>NG</SchoolSector>
  <SchoolGeographicLocation>15</SchoolGeographicLocation>
  <LocalGovernmentArea xsi:nil="true" />
  <JurisdictionLowerHouse xsi:nil="true" />
  <YearLevelEnrollmentList xsi:nil="true" />
  <TotalEnrollments xsi:nil="true" />
  <SchoolGroupList xsi:nil="true" />
  <SIF_Metadata xsi:nil="true" />
  <SIF_ExtendedElements xsi:nil="true" />
</SchoolInfo>

<SchoolInfo xmlns:xsd="http://www.w3.org/2001/XMLSchema" xmlns:xsi="http://www.w3.org/2001/XMLSchema-instance" RefId="e5ec3ae3-8b3b-4d16-87a4-6b8aacd56369" xmlns="http://www.sifassociation.org/datamodel/au/3.4">
  <LocalId>x728645</LocalId>
  <StateProvinceId xsi:nil="true" />
  <CommonwealthId xsi:nil="true" />
  <ACARAId>21257</ACARAId>
  <OtherIdList xsi:nil="true" />
  <SchoolName>Unsympathetically Combined College</SchoolName>
  <LEAInfoRefId xsi:nil="true" />
  <SchoolDistrict xsi:nil="true" />
  <SchoolDistrictLocalId xsi:nil="true" />
  <SchoolFocusList xsi:nil="true" />
  <SchoolURL xsi:nil="true" />
  <SchoolEmailList xsi:nil="true" />
  <PrincipalInfo xsi:nil="true" />
  <SchoolContactList xsi:nil="true" />
    <AddressList>
    <Address Type="0123" Role="012A">
      <StateProvince>OS</StateProvince>
      <GridLocation xsi:nil="true" />
      <RadioContact xsi:nil="true" />
      <Community xsi:nil="true" />
      <LocalId xsi:nil="true" />
      <AddressGlobalUID xsi:nil="true" />
      <StatisticalAreas xsi:nil="true" />
    </Address>
  </AddressList>
  <PhoneNumberList xsi:nil="true" />
  <YearLevels xsi:nil="true" />
  <Campus xsi:nil="true" />
  <SchoolSector>NG</SchoolSector>
  <SchoolGeographicLocation>15</SchoolGeographicLocation>
  <LocalGovernmentArea xsi:nil="true" />
  <JurisdictionLowerHouse xsi:nil="true" />
  <YearLevelEnrollmentList xsi:nil="true" />
  <TotalEnrollments xsi:nil="true" />
  <SchoolGroupList xsi:nil="true" />
  <SIF_Metadata xsi:nil="true" />
  <SIF_ExtendedElements xsi:nil="true" />
</SchoolInfo>

<SchoolInfo xmlns:xsd="http://www.w3.org/2001/XMLSchema" xmlns:xsi="http://www.w3.org/2001/XMLSchema-instance" RefId="9be0ea95-fad3-4079-ae4b-b0ffe55bd5e0" xmlns="http://www.sifassociation.org/datamodel/au/3.4">
  <LocalId>x728646</LocalId>
  <StateProvinceId xsi:nil="true" />
  <CommonwealthId xsi:nil="true" />
  <ACARAId>21258</ACARAId>
  <OtherIdList xsi:nil="true" />
  <SchoolName>Vistaless Combined College</SchoolName>
  <LEAInfoRefId xsi:nil="true" />
  <SchoolDistrict xsi:nil="true" />
  <SchoolDistrictLocalId xsi:nil="true" />
  <SchoolFocusList xsi:nil="true" />
  <SchoolURL xsi:nil="true" />
  <SchoolEmailList xsi:nil="true" />
  <PrincipalInfo xsi:nil="true" />
  <SchoolContactList xsi:nil="true" />
    <AddressList>
    <Address Type="0123" Role="012A">
      <StateProvince>OS</StateProvince>
      <GridLocation xsi:nil="true" />
      <RadioContact xsi:nil="true" />
      <Community xsi:nil="true" />
      <LocalId xsi:nil="true" />
      <AddressGlobalUID xsi:nil="true" />
      <StatisticalAreas xsi:nil="true" />
    </Address>
  </AddressList>
  <PhoneNumberList xsi:nil="true" />
  <YearLevels xsi:nil="true" />
  <Campus xsi:nil="true" />
  <SchoolSector>NG</SchoolSector>
  <SchoolGeographicLocation>15</SchoolGeographicLocation>
  <LocalGovernmentArea xsi:nil="true" />
  <JurisdictionLowerHouse xsi:nil="true" />
  <YearLevelEnrollmentList xsi:nil="true" />
  <TotalEnrollments xsi:nil="true" />
  <SchoolGroupList xsi:nil="true" />
  <SIF_Metadata xsi:nil="true" />
  <SIF_ExtendedElements xsi:nil="true" />
</SchoolInfo>

<SchoolInfo xmlns:xsd="http://www.w3.org/2001/XMLSchema" xmlns:xsi="http://www.w3.org/2001/XMLSchema-instance" RefId="a9c14d87-fe0c-48b0-a4f3-eecebc149d68" xmlns="http://www.sifassociation.org/datamodel/au/3.4">
  <LocalId>x728647</LocalId>
  <StateProvinceId xsi:nil="true" />
  <CommonwealthId xsi:nil="true" />
  <ACARAId>21259</ACARAId>
  <OtherIdList xsi:nil="true" />
  <SchoolName>Wenzel Secondary College</SchoolName>
  <LEAInfoRefId xsi:nil="true" />
  <SchoolDistrict xsi:nil="true" />
  <SchoolDistrictLocalId xsi:nil="true" />
  <SchoolFocusList xsi:nil="true" />
  <SchoolURL xsi:nil="true" />
  <SchoolEmailList xsi:nil="true" />
  <PrincipalInfo xsi:nil="true" />
  <SchoolContactList xsi:nil="true" />
    <AddressList>
    <Address Type="0123" Role="012A">
      <StateProvince>OS</StateProvince>
      <GridLocation xsi:nil="true" />
      <RadioContact xsi:nil="true" />
      <Community xsi:nil="true" />
      <LocalId xsi:nil="true" />
      <AddressGlobalUID xsi:nil="true" />
      <StatisticalAreas xsi:nil="true" />
    </Address>
  </AddressList>
  <PhoneNumberList xsi:nil="true" />
  <YearLevels xsi:nil="true" />
  <Campus xsi:nil="true" />
  <SchoolSector>NG</SchoolSector>
  <SchoolGeographicLocation>15</SchoolGeographicLocation>
  <LocalGovernmentArea xsi:nil="true" />
  <JurisdictionLowerHouse xsi:nil="true" />
  <YearLevelEnrollmentList xsi:nil="true" />
  <TotalEnrollments xsi:nil="true" />
  <SchoolGroupList xsi:nil="true" />
  <SIF_Metadata xsi:nil="true" />
  <SIF_ExtendedElements xsi:nil="true" />
</SchoolInfo>

<SchoolInfo xmlns:xsd="http://www.w3.org/2001/XMLSchema" xmlns:xsi="http://www.w3.org/2001/XMLSchema-instance" RefId="aebcb549-5ea6-48ff-9566-645f628689b5" xmlns="http://www.sifassociation.org/datamodel/au/3.4">
  <LocalId>x728648</LocalId>
  <StateProvinceId xsi:nil="true" />
  <CommonwealthId xsi:nil="true" />
  <ACARAId>21260</ACARAId>
  <OtherIdList xsi:nil="true" />
  <SchoolName>Wheezy Primary College</SchoolName>
  <LEAInfoRefId xsi:nil="true" />
  <SchoolDistrict xsi:nil="true" />
  <SchoolDistrictLocalId xsi:nil="true" />
  <SchoolFocusList xsi:nil="true" />
  <SchoolURL xsi:nil="true" />
  <SchoolEmailList xsi:nil="true" />
  <PrincipalInfo xsi:nil="true" />
  <SchoolContactList xsi:nil="true" />
    <AddressList>
    <Address Type="0123" Role="012A">
      <StateProvince>OS</StateProvince>
      <GridLocation xsi:nil="true" />
      <RadioContact xsi:nil="true" />
      <Community xsi:nil="true" />
      <LocalId xsi:nil="true" />
      <AddressGlobalUID xsi:nil="true" />
      <StatisticalAreas xsi:nil="true" />
    </Address>
  </AddressList>
  <PhoneNumberList xsi:nil="true" />
  <YearLevels xsi:nil="true" />
  <Campus xsi:nil="true" />
  <SchoolSector>NG</SchoolSector>
  <SchoolGeographicLocation>15</SchoolGeographicLocation>
  <LocalGovernmentArea xsi:nil="true" />
  <JurisdictionLowerHouse xsi:nil="true" />
  <YearLevelEnrollmentList xsi:nil="true" />
  <TotalEnrollments xsi:nil="true" />
  <SchoolGroupList xsi:nil="true" />
  <SIF_Metadata xsi:nil="true" />
  <SIF_ExtendedElements xsi:nil="true" />
</SchoolInfo>

<SchoolInfo xmlns:xsd="http://www.w3.org/2001/XMLSchema" xmlns:xsi="http://www.w3.org/2001/XMLSchema-instance" RefId="98ead7a2-c7b1-4fa9-899a-40a052fe2d2e" xmlns="http://www.sifassociation.org/datamodel/au/3.4">
  <LocalId>x728649</LocalId>
  <StateProvinceId xsi:nil="true" />
  <CommonwealthId xsi:nil="true" />
  <ACARAId>21261</ACARAId>
  <OtherIdList xsi:nil="true" />
  <SchoolName>Wienerwurst Combined College</SchoolName>
  <LEAInfoRefId xsi:nil="true" />
  <SchoolDistrict xsi:nil="true" />
  <SchoolDistrictLocalId xsi:nil="true" />
  <SchoolFocusList xsi:nil="true" />
  <SchoolURL xsi:nil="true" />
  <SchoolEmailList xsi:nil="true" />
  <PrincipalInfo xsi:nil="true" />
  <SchoolContactList xsi:nil="true" />
    <AddressList>
    <Address Type="0123" Role="012A">
      <StateProvince>OS</StateProvince>
      <GridLocation xsi:nil="true" />
      <RadioContact xsi:nil="true" />
      <Community xsi:nil="true" />
      <LocalId xsi:nil="true" />
      <AddressGlobalUID xsi:nil="true" />
      <StatisticalAreas xsi:nil="true" />
    </Address>
  </AddressList>
  <PhoneNumberList xsi:nil="true" />
  <YearLevels xsi:nil="true" />
  <Campus xsi:nil="true" />
  <SchoolSector>NG</SchoolSector>
  <SchoolGeographicLocation>15</SchoolGeographicLocation>
  <LocalGovernmentArea xsi:nil="true" />
  <JurisdictionLowerHouse xsi:nil="true" />
  <YearLevelEnrollmentList xsi:nil="true" />
  <TotalEnrollments xsi:nil="true" />
  <SchoolGroupList xsi:nil="true" />
  <SIF_Metadata xsi:nil="true" />
  <SIF_ExtendedElements xsi:nil="true" />
</SchoolInfo>
</NAPResultsReporting>
